Rk,Player,Link,Pos,Age,Tm,G,GS,MP,FG,FGA,FG%,3P,3PA,3P%,2P,2PA,2P%,eFG%,FT,FTA,FT%,ORB,DRB,TRB,AST,STL,BLK,TOV,PF,PTS,Year,Salary,Signed Using
1,Alex Abrines,abrinal01,SG,24,OKC,75,8,15.1,1.5,3.9,0.395,1.1,2.9,0.38,0.4,0.9,0.443,0.54,0.5,0.6,0.848,0.3,1.2,1.5,0.4,0.5,0.1,0.3,1.7,4.7,2018,5725000,Cap Space
2,Quincy Acy,acyqu01,PF,27,BRK,70,8,19.4,1.9,5.2,0.356,1.5,4.2,0.349,0.4,1,0.384,0.496,0.7,0.9,0.817,0.6,3.1,3.7,0.8,0.5,0.4,0.9,2.1,5.9,2018,1709538,
3,Steven Adams,adamsst01,C,24,OKC,76,76,32.7,5.9,9.4,0.629,0,0,0,5.9,9.3,0.631,0.629,2.1,3.8,0.559,5.1,4,9,1.2,1.2,1,1.7,2.8,13.9,2018,22471910,1st Round Pick
4,Bam Adebayo,adebaba01,C,20,MIA,69,19,19.8,2.5,4.9,0.512,0,0.1,0,2.5,4.8,0.523,0.512,1.9,2.6,0.721,1.7,3.8,5.5,1.5,0.5,0.6,1,2,6.9,2018,2490360,1st Round Pick
5,Arron Afflalo,afflaar01,SG,32,ORL,53,3,12.9,1.2,3.1,0.401,0.5,1.3,0.386,0.7,1.7,0.413,0.485,0.4,0.5,0.846,0.1,1.2,1.2,0.6,0.1,0.2,0.4,1.1,3.4,2018,2328652,Minimum Salary
7,LaMarcus Aldridge,aldrila01,C,32,SAS,75,75,33.5,9.2,18,0.51,0.4,1.2,0.293,8.8,16.7,0.526,0.52,4.5,5.3,0.837,3.3,5.2,8.5,2,0.6,1.2,1.5,2.1,23.1,2018,21461010,Cap Space
8,Jarrett Allen,allenja01,C,19,BRK,72,31,20,3.3,5.5,0.589,0.1,0.2,0.333,3.2,5.3,0.599,0.596,1.6,2,0.776,2,3.4,5.4,0.7,0.4,1.2,1.1,2,8.2,2018,1713720,1st Round Pick
10,Tony Allen,allento01,SF,36,NOP,22,0,12.4,2,4.1,0.484,0.2,0.5,0.333,1.8,3.6,0.506,0.505,0.5,1,0.524,0.9,1.2,2.1,0.4,0.5,0.1,0.9,2.2,4.7,2018,2116955,
11,Al-Farouq Aminu,aminual01,PF,27,POR,69,67,30,3.3,8.4,0.395,1.8,4.9,0.369,1.5,3.5,0.432,0.503,0.9,1.2,0.738,1.4,6.2,7.6,1.2,1.1,0.6,1.1,2,9.3,2018,7319035,Cap Space
12,Justin Anderson,anderju01,SF,24,PHI,38,0,13.7,2.3,5.3,0.431,0.9,2.7,0.33,1.4,2.6,0.535,0.515,0.7,1,0.737,0.7,1.8,2.4,0.7,0.4,0.2,0.4,1.4,6.2,2018,1579440,1st Round pick
13,Kyle Anderson,anderky01,SF,24,SAS,74,67,26.7,3.1,5.9,0.527,0.3,0.8,0.333,2.9,5.1,0.556,0.549,1.4,2,0.712,1.1,4.2,5.4,2.7,1.6,0.8,1.3,1.5,7.9,2018,2151704,1st Round Pick
14,Ryan Anderson,anderry01,PF,29,HOU,66,50,26.1,3.1,7.3,0.431,2,5.1,0.386,1.2,2.1,0.539,0.568,1.1,1.4,0.774,1.4,3.6,5,0.9,0.4,0.3,0.6,1.9,9.3,2018,19578455,Cap Space
16,Giannis Antetokounmpo,antetgi01,PF,23,MIL,75,75,36.7,9.9,18.7,0.529,0.6,1.9,0.307,9.3,16.8,0.554,0.545,6.5,8.5,0.76,2.1,8,10,4.8,1.5,1.4,3,3.1,26.9,2018,22471910,1st Round Pick
17,Carmelo Anthony,anthoca01,PF,33,OKC,78,78,32.1,6.1,15,0.404,2.2,6.1,0.357,3.9,8.9,0.437,0.476,1.9,2.5,0.767,0.9,4.9,5.8,1.3,0.6,0.6,1.3,2.5,16.2,2018,26243760,Bird Rights
18,OG Anunoby,anunoog01,SF,20,TOR,74,62,20,2.2,4.7,0.471,1,2.7,0.371,1.2,2,0.604,0.577,0.5,0.8,0.629,0.6,1.9,2.5,0.7,0.7,0.2,0.6,1.8,5.9,2018,1645200,1st Round Pick
20,Trevor Ariza,arizatr01,SF,32,HOU,67,67,33.9,4,9.7,0.412,2.5,6.9,0.368,1.5,2.8,0.519,0.542,1.1,1.3,0.854,0.5,3.9,4.4,1.6,1.5,0.2,0.8,2,11.7,2018,7420912,Bird Rights
21,Darrell Arthur,arthuda01,PF,29,DEN,19,1,7.4,1.2,2.5,0.468,0.4,1.2,0.348,0.7,1.3,0.583,0.553,0.1,0.2,0.667,0.2,0.6,0.8,0.5,0.4,0.2,0.8,1.2,2.8,2018,7464912,Cap Space
23,Omer Asik,asikom01,C,31,NOP,14,0,8.6,0.5,1.1,0.438,0,0,,0.5,1.1,0.438,0.438,0.3,0.9,0.333,0.5,2.1,2.6,0.1,0.1,0.1,0.4,1,1.3,2018,10595505,Bird Rights
24,D.J. Augustin,augusdj01,PG,30,ORL,75,36,23.5,3.3,7.2,0.452,1.5,3.6,0.419,1.7,3.6,0.485,0.557,2.2,2.5,0.868,0.4,1.7,2.1,3.8,0.7,0,1.6,1.3,10.2,2018,7250000,Cap Space
25,Luke Babbitt,babbilu01,SF,28,ATL,37,9,15.4,2.2,4.5,0.476,1.3,3,0.441,0.8,1.5,0.544,0.622,0.5,0.6,0.773,0.1,2.1,2.2,0.7,0.2,0.1,0.4,1.3,6.1,2018,1974159,Minimum Salary
26,Dwayne Bacon,bacondw01,SG,22,CHO,53,6,13.5,1.4,3.6,0.375,0.2,0.8,0.256,1.2,2.8,0.409,0.404,0.4,0.5,0.8,0.1,2.3,2.3,0.7,0.3,0,0.4,0.9,3.3,2018,815615,MLE
27,Ron Baker,bakerro01,SG,24,NYK,29,1,13.3,0.7,2,0.339,0.4,1.1,0.333,0.3,0.9,0.346,0.432,0.7,0.9,0.769,0.2,0.9,1,1.6,0.9,0.2,0.6,1.1,2.4,2018,4328000,Room Exception
28,Wade Baldwin,baldwwa01,PG,21,POR,7,0,11.4,2,3,0.667,0.6,0.7,0.8,1.4,2.3,0.625,0.762,0.9,1.4,0.6,0.1,1,1.1,0.7,0.3,0.1,0.6,1.7,5.4,2018,222476,
29,Lonzo Ball,balllo01,PG,20,LAL,52,50,34.2,3.9,10.8,0.36,1.7,5.7,0.305,2.2,5.2,0.42,0.44,0.6,1.4,0.451,1.3,5.6,6.9,7.2,1.7,0.8,2.6,2.3,10.2,2018,6286560,1st Round Pick
30,J.J. Barea,bareajo01,PG,33,DAL,69,10,23.2,4.4,10,0.439,1.7,4.5,0.367,2.7,5.5,0.499,0.522,1.2,1.5,0.784,0.2,2.7,2.9,6.3,0.5,0,2.1,1.2,11.6,2018,3903900,Cap Space
31,Harrison Barnes,barneha02,PF,25,DAL,77,77,34.2,7,15.7,0.445,1.5,4.3,0.357,5.4,11.4,0.478,0.494,3.4,4.1,0.827,1,5.1,6.1,2,0.6,0.2,1.5,1.2,18.9,2018,23112004,Cap Space
32,Will Barton,bartowi01,SG,27,DEN,81,40,33.1,5.7,12.7,0.452,1.9,5.2,0.37,3.8,7.5,0.51,0.528,2.2,2.8,0.805,0.9,4.2,5,4.1,1,0.6,1.8,2.1,15.7,2018,3533333,Bird Rights
33,Nicolas Batum,batumni01,SG,29,CHO,64,64,31,4.2,10.2,0.415,1.4,4.3,0.336,2.8,5.9,0.473,0.486,1.7,2,0.831,0.9,3.9,4.8,5.5,1,0.4,2,1.1,11.6,2018,22434783,Cap Space
34,Jerryd Bayless,bayleje01,SG,29,PHI,39,11,23.7,2.8,6.7,0.416,1.4,3.7,0.37,1.4,3,0.474,0.519,0.9,1.1,0.795,0.4,1.7,2.1,1.4,0.6,0.2,1.2,2.3,7.9,2018,9000000,Cap Space
35,Aron Baynes,baynear01,C,31,BOS,81,67,18.3,2.6,5.5,0.471,0,0.3,0.143,2.6,5.2,0.487,0.474,0.7,1,0.756,1.6,3.8,5.4,1.1,0.3,0.6,1,2.5,6,2018,4328000,Room Exception
36,Kent Bazemore,bazemke01,SG,28,ATL,65,65,27.5,4.4,10.4,0.42,1.7,4.2,0.394,2.7,6.2,0.438,0.5,2.5,3.1,0.796,0.4,3.4,3.8,3.5,1.5,0.7,2.4,2.3,12.9,2018,16910113,Cap Space
37,Bradley Beal,bealbr01,SG,24,WAS,82,82,36.3,8.3,18.1,0.46,2.4,6.5,0.375,5.9,11.6,0.507,0.527,3.6,4.5,0.791,0.7,3.7,4.4,4.5,1.2,0.4,2.6,2,22.6,2018,23775506,Cap Space
38,Malik Beasley,beaslma01,SG,21,DEN,62,0,9.4,1.2,2.9,0.41,0.5,1.3,0.341,0.7,1.5,0.469,0.489,0.4,0.5,0.667,0.2,0.9,1.1,0.5,0.2,0.1,0.4,0.6,3.2,2018,1700640,1st Round pick
39,Michael Beasley,beaslmi01,PF,29,NYK,74,30,22.3,5.5,10.9,0.507,0.5,1.2,0.395,5.1,9.7,0.52,0.528,1.7,2.1,0.78,1.3,4.3,5.6,1.7,0.5,0.6,1.9,2,13.2,2018,2116955,Minimum Salary
40,Marco Belinelli,belinma01,SG,31,ATL,52,1,23.3,3.8,9.3,0.41,1.8,4.8,0.372,2.1,4.6,0.45,0.505,1.9,2.1,0.927,0.3,1.7,1.9,2,0.9,0.1,1,0.8,11.4,2018,6306060,
40,Marco Belinelli,belinma01,SG,31,PHI,28,1,26.3,4.9,10,0.495,2,5.3,0.385,2.9,4.7,0.618,0.597,1.7,1.9,0.87,0.2,1.6,1.8,1.6,0.7,0.3,1.4,1.8,13.6,2018,776217,
41,Jordan Bell,belljo01,C,23,GSW,57,13,14.2,2,3.2,0.627,0,0.1,0,2,3.2,0.641,0.627,0.5,0.8,0.682,1.1,2.6,3.6,1.8,0.6,1,0.9,1.6,4.6,2018,815615,Minimum Salary
42,DeAndre' Bembry,bembrde01,SF,23,ATL,26,3,17.5,2,4.9,0.414,0.4,1.2,0.367,1.6,3.8,0.429,0.457,0.7,1.3,0.576,0.3,2.5,2.8,1.9,0.8,0.5,1.8,1.5,5.2,2018,1567200,1st Round pick
43,Dragan Bender,bendedr01,PF,20,PHO,82,37,25.2,2.3,5.9,0.386,1.4,3.9,0.366,0.8,2,0.426,0.508,0.5,0.6,0.765,0.5,3.9,4.4,1.6,0.3,0.6,1.4,2,6.5,2018,4468800,1st Round pick
44,Davis Bertans,bertada01,PF,25,SAS,77,10,14.1,2.1,4.8,0.44,1.2,3.3,0.373,0.9,1.5,0.588,0.568,0.5,0.6,0.816,0.2,1.8,2,1,0.3,0.4,0.5,1.2,5.9,2018,1312611,Minimum Salary
45,Patrick Beverley,beverpa01,SG,29,LAC,11,11,30.4,4.4,10.8,0.403,2.2,5.5,0.4,2.2,5.4,0.407,0.504,1.3,1.5,0.824,1.5,2.6,4.1,2.9,1.7,0.5,2.3,3.1,12.2,2018,5513514,Bird Rights
46,Khem Birch,birchkh01,C,25,ORL,42,0,13.8,1.6,3,0.54,0,0,,1.6,3,0.54,0.54,1,1.5,0.689,1.7,2.6,4.3,0.8,0.4,0.5,0.5,1.3,4.2,2018,815615,Minimum Salary
48,Bismack Biyombo,biyombi01,C,25,ORL,82,25,18.2,2.2,4.3,0.52,0,0,0,2.2,4.3,0.521,0.52,1.2,1.9,0.65,1.8,4,5.7,0.8,0.3,1.2,1,1.9,5.7,2018,17000000,Cap Space
49,Nemanja Bjelica,bjeline01,PF,29,MIN,67,21,20.5,2.6,5.5,0.461,1.1,2.7,0.415,1.4,2.8,0.505,0.563,0.5,0.7,0.8,0.8,3.3,4.1,1.3,0.7,0.2,0.8,2.1,6.8,2018,3949999,MLE
50,Tarik Black,blackta01,C,26,HOU,51,2,10.5,1.5,2.5,0.591,0,0.2,0.091,1.5,2.3,0.638,0.594,0.6,1.2,0.46,1.2,2,3.2,0.3,0.4,0.6,0.7,2.1,3.5,2018,3290000,Bi-annual Exception
52,Eric Bledsoe,bledser01,PG,28,MIL,71,71,31.5,6.4,13.4,0.476,1.7,4.9,0.349,4.7,8.5,0.55,0.54,3.4,4.3,0.795,0.7,3.2,3.9,5.1,2,0.6,2.9,2.5,17.8,2018,14500000,Bird Rights
54,Bogdan Bogdanovic,bogdabo01,SG,25,SAC,78,53,27.9,4.4,9.9,0.446,1.7,4.2,0.392,2.8,5.7,0.485,0.529,1.3,1.5,0.84,0.4,2.5,2.9,3.3,0.9,0.2,1.6,2.2,11.8,2018,9470614,Cap space
55,Bojan Bogdanovic,bogdabo02,SF,28,IND,80,80,30.8,5.1,10.7,0.474,1.9,4.8,0.402,3.1,5.8,0.534,0.565,2.2,2.6,0.868,0.4,3,3.4,1.5,0.7,0.1,1.3,1.6,14.3,2018,10500000,Cap space
57,Joel Bolomboy,bolomjo01,PF,24,MIL,6,0,6.3,0.5,1,0.5,0,0.2,0,0.5,0.8,0.6,0.5,0.5,1,0.5,1,0.7,1.7,0,0.3,0,0.3,0.5,1.5,2018,22248,
58,Devin Booker,bookede01,SG,21,PHO,54,54,34.5,8.4,19.5,0.432,2.7,7.1,0.383,5.7,12.4,0.46,0.501,5.4,6.1,0.878,0.5,4,4.5,4.7,0.9,0.3,3.6,3.1,24.9,2018,2319360,1st round pick
59,Trevor Booker,booketr01,PF,30,BRK,18,6,21.9,4.3,8.3,0.513,0.2,0.7,0.25,4.1,7.7,0.536,0.523,1.3,2.4,0.558,2.1,4.5,6.6,2.1,0.4,0.3,1.7,2.4,10.1,2018,9125000,
59,Trevor Booker,booketr01,PF,30,PHI,33,0,15,1.8,3.3,0.56,0.1,0.2,0.286,1.8,3.1,0.578,0.569,1,1.2,0.821,1.4,2.3,3.7,0.8,0.5,0.3,0.6,1.5,4.7,2018,9125000,
59,Trevor Booker,booketr01,PF,30,IND,17,1,15.8,2.3,4.9,0.464,0.2,0.8,0.214,2.1,4.1,0.514,0.482,0.6,0.6,0.909,1.9,2.6,4.5,1,0.2,0.3,0.5,1.5,5.4,2018,9125000,
61,Avery Bradley,bradlav01,SG,27,DET,40,40,31.7,5.8,14.3,0.409,1.9,4.9,0.381,4,9.4,0.423,0.474,1.5,2,0.763,0.5,1.9,2.4,2.1,1.2,0.2,2.3,2,15,2018,8808989,Bird Rights
61,Avery Bradley,bradlav01,SG,27,LAC,6,6,27.5,4.3,9.2,0.473,0.2,1.5,0.111,4.2,7.7,0.543,0.482,0.3,0.3,1,0.5,3.2,3.7,1.8,0.8,0.2,1.3,2,9.2,2018,8808989,Bird Rights
63,Corey Brewer,breweco01,SF,31,LAL,54,2,12.9,1.4,3.2,0.453,0.1,0.8,0.186,1.3,2.4,0.543,0.477,0.6,0.9,0.667,0.4,1.3,1.7,0.8,0.8,0.1,0.7,1.5,3.7,2018,7579366,
63,Corey Brewer,breweco01,SG,31,OKC,18,16,28.6,3.6,8,0.444,1.3,3.7,0.343,2.3,4.3,0.532,0.524,1.7,2.2,0.795,1.1,2.3,3.4,1.3,2.1,0.3,0.6,3.1,10.1,2018,7579366,
64,Malcolm Brogdon,brogdma01,PG,25,MIL,48,20,29.9,5.1,10.5,0.485,1.3,3.4,0.385,3.8,7.1,0.532,0.547,1.6,1.8,0.882,0.5,2.8,3.3,3.2,0.9,0.3,1.4,2.7,13,2018,1312611,Cap Space
65,Aaron Brooks,brookaa01,PG,33,MIN,32,1,5.9,0.9,2.2,0.406,0.3,1,0.355,0.5,1.2,0.447,0.486,0.3,0.3,0.727,0.2,0.3,0.5,0.6,0.2,0,0.3,0.9,2.3,2018,2116955,
66,Dillon Brooks,brookdi01,SF,22,MEM,82,74,28.7,4.1,9.4,0.44,1.1,3.2,0.356,3,6.2,0.484,0.501,1.5,2,0.747,0.6,2.5,3.1,1.6,0.9,0.2,1.5,2.8,11,2018,815615,MLE
67,MarShon Brooks,brookma01,SG,29,MEM,7,1,27.6,7.3,14.6,0.5,2.7,4.6,0.594,4.6,10,0.457,0.593,2.9,3.3,0.87,1.1,1.9,3,3.6,1.6,0.4,2.3,0.9,20.1,2018,86119,
70,Jaylen Brown,brownja02,SG,21,BOS,70,70,30.7,5.3,11.5,0.465,1.7,4.4,0.395,3.6,7.1,0.507,0.54,2.1,3.3,0.644,0.9,4,4.9,1.6,1,0.4,1.8,2.6,14.5,2018,4956480,1st Rd pick
73,Sterling Brown,brownst02,SG,22,MIL,54,4,14.4,1.5,3.8,0.4,0.6,1.7,0.352,0.9,2.1,0.439,0.478,0.4,0.4,0.875,0.5,2.1,2.6,0.5,0.6,0.2,0.5,1.5,4,2018,815615,MLE
75,Thomas Bryant,bryanth01,C,20,LAL,15,0,4.8,0.5,1.4,0.381,0.1,0.7,0.1,0.5,0.7,0.636,0.405,0.3,0.6,0.556,0.2,0.9,1.1,0.4,0.1,0.1,0.1,0.4,1.5,2018,815615,Minimum Salary
76,Reggie Bullock,bullore01,SF,26,DET,62,52,27.9,4.3,8.8,0.489,2,4.5,0.445,2.3,4.3,0.536,0.603,0.6,0.8,0.796,0.4,2,2.5,1.5,0.8,0.2,0.8,1.1,11.3,2018,2500000,Cap space
77,Trey Burke,burketr01,PG,25,NYK,36,9,21.8,5.4,10.7,0.503,1.1,2.9,0.362,4.3,7.8,0.556,0.552,1,1.6,0.649,0.4,1.6,2,4.7,0.7,0.1,1.2,1.2,12.8,2018,784160,Minimum Salary
78,Alec Burks,burksal01,SG,26,UTA,64,1,16.5,2.7,6.5,0.411,0.7,2.2,0.331,1.9,4.3,0.452,0.467,1.7,1.9,0.863,0.3,2.7,3,1,0.6,0.1,0.9,1.2,7.7,2018,10845506,1st Round Pick
79,Jimmy Butler,butleji01,SG,28,MIN,59,59,36.7,7.4,15.6,0.474,1.2,3.4,0.35,6.2,12.2,0.509,0.512,6.2,7.2,0.854,1.3,4,5.3,4.9,2,0.4,1.8,1.3,22.2,2018,19301070,Bird Rights
80,Dwight Buycks,buyckdw01,PG,28,DET,29,0,14.7,2.8,6.8,0.414,0.5,1.6,0.333,2.3,5.3,0.438,0.452,1.2,1.4,0.878,0.4,1,1.4,2,0.7,0.1,1.3,1.3,7.4,2018,748160,Two-Way Converted
81,Bruno Caboclo,cabocbr01,SF,22,SAC,10,0,10,0.9,2.9,0.31,0.3,1.5,0.2,0.6,1.4,0.429,0.362,0.5,0.6,0.833,0.7,1.4,2.1,0.3,0.2,0.4,0.4,0.7,2.6,2018,2451225,1st Round Pick
82,Jose Calderon,caldejo01,PG,36,CLE,57,32,16,1.6,3.2,0.503,0.8,1.7,0.464,0.8,1.5,0.545,0.624,0.4,0.5,0.8,0.2,1.2,1.5,2.1,0.5,0,0.7,1.4,4.5,2018,2328652,Minimum Salary
83,Kentavious Caldwell-Pope,caldwke01,SG,24,LAL,74,74,33.2,4.6,10.8,0.426,2.1,5.6,0.383,2.4,5.2,0.473,0.526,2.1,2.6,0.789,0.8,4.4,5.2,2.2,1.4,0.2,1.3,2,13.4,2018,17745894,Cap space
84,Isaiah Canaan,canaais01,PG,26,PHO,19,1,22,2.7,7.2,0.382,1.2,3.5,0.333,1.6,3.7,0.429,0.463,2.4,2.7,0.902,0.3,2,2.3,4,0.8,0.1,1.5,1.9,9.1,2018,1069308,
85,Clint Capela,capelca01,C,23,HOU,74,74,27.5,6,9.1,0.652,0,0,0,6,9.1,0.653,0.652,1.9,3.5,0.56,3.3,7.6,10.8,0.9,0.8,1.9,1.4,2.5,13.9,2018,2334520,1st Round Pick
86,DeMarre Carroll,carrode01,PF,31,BRK,73,73,29.9,4.5,10.8,0.414,2,5.4,0.371,2.5,5.4,0.457,0.506,2.6,3.4,0.764,1.4,5.1,6.6,2,0.8,0.4,1.4,2.3,13.5,2018,14800000,Cap Space
87,Vince Carter,cartevi01,SF,41,SAC,58,5,17.7,2,4.9,0.403,1,2.8,0.345,1,2,0.483,0.504,0.5,0.6,0.757,0.3,2.2,2.6,1.2,0.7,0.4,0.6,1.7,5.4,2018,8000000,Cap space
88,Michael Carter-Williams,cartemi01,PG,26,CHO,52,2,16.1,1.5,4.4,0.332,0.3,1.1,0.237,1.2,3.3,0.365,0.362,1.4,1.7,0.82,0.7,1.9,2.7,2.2,0.8,0.4,1,1.9,4.6,2018,2700000,Bi-annual Exception
90,Omri Casspi,casspom01,SF,29,GSW,53,7,14,2.3,3.9,0.58,0.2,0.4,0.455,2.1,3.5,0.595,0.604,0.9,1.3,0.725,0.6,3.2,3.8,1,0.3,0.4,0.7,1.3,5.7,2018,2106470,
91,Willie Cauley-Stein,caulewi01,C,24,SAC,73,58,28,5.3,10.6,0.502,0,0.2,0.25,5.3,10.4,0.506,0.504,2.1,3.4,0.619,1.8,5.2,7,2.4,1.1,0.9,1.5,2.5,12.8,2018,3704160,1st round pick
92,Tyler Cavanaugh,cavanty01,PF,23,ATL,39,1,13.3,1.7,3.9,0.441,0.8,2.3,0.36,0.9,1.6,0.556,0.546,0.4,0.5,0.81,1.2,2.1,3.3,0.7,0.2,0.1,0.4,1.6,4.7,2018,729919,
93,Mario Chalmers,chalmma01,PG,31,MEM,66,10,21.5,2.5,6.7,0.379,0.8,2.9,0.277,1.7,3.8,0.456,0.439,1.8,2.1,0.855,0.2,2.2,2.4,3,1.2,0.2,1.8,2.7,7.7,2018,2106407,Minimum Salary
94,Tyson Chandler,chandty01,C,35,PHO,46,46,25,2.6,4.1,0.647,0,0,,2.6,4.1,0.647,0.647,1.3,2,0.624,2.9,6.2,9.1,1.2,0.3,0.6,1.3,2.3,6.5,2018,13000000,Cap Space
95,Wilson Chandler,chandwi01,SF,30,DEN,74,71,31.7,3.8,8.5,0.445,1.2,3.3,0.358,2.6,5.2,0.501,0.515,1.2,1.5,0.772,1.4,4,5.4,2.1,0.6,0.5,1.2,2.1,10,2018,12016854,
96,Marquese Chriss,chrisma01,PF,20,PHO,72,49,21.2,2.8,6.6,0.423,0.8,2.6,0.295,2,4,0.509,0.482,1.3,2.2,0.608,1.1,4.4,5.5,1.2,0.7,1,1.5,2.8,7.7,2018,3073800,1st Rd pick
97,Ian Clark,clarkia01,SG,26,NOP,74,2,19.7,3,6.7,0.448,0.8,2.6,0.318,2.2,4.1,0.533,0.511,0.6,0.8,0.763,0.1,1.6,1.7,1.5,0.4,0.1,0.8,1.6,7.4,2018,1577230,Minimum Salary
98,Jordan Clarkson,clarkjo01,SG,25,LAL,53,2,23.7,5.6,12.6,0.448,1.3,4,0.324,4.4,8.6,0.505,0.499,2,2.5,0.795,0.8,2.2,3,3.3,0.7,0.1,1.8,1.2,14.5,2018,11562500,Cap Space
98,Jordan Clarkson,clarkjo01,SG,25,CLE,28,0,22.6,4.7,10.3,0.456,1.6,3.9,0.407,3.1,6.4,0.486,0.533,1.7,2.1,0.81,0.5,1.6,2.1,1.7,0.7,0.1,1.1,1.6,12.6,2018,11562500,Cap Space
99,Gian Clavell,clavegi01,SG,24,DAL,7,0,9.1,0.9,2.6,0.333,0.9,2.1,0.4,0,0.4,0,0.5,0.3,0.3,1,0.1,0.9,1,0.4,0.3,0,0.3,1.1,2.9,2018,50000,
101,John Collins,collijo01,PF,20,ATL,74,26,24.1,4.2,7.4,0.576,0.2,0.6,0.34,4,6.7,0.598,0.591,1.8,2.5,0.715,2.4,4.9,7.3,1.3,0.6,1.1,1.4,2.9,10.5,2018,1936920,1st Round Pick
102,Zach Collins,colliza01,C,20,POR,66,1,15.8,1.7,4.4,0.398,0.5,1.7,0.31,1.2,2.7,0.455,0.458,0.4,0.6,0.643,0.7,2.7,3.3,0.8,0.3,0.5,0.9,2,4.4,2018,3057240,1st Round Pick
103,Kyle Collinsworth,colliky01,SF,26,DAL,32,2,15,1.2,3.1,0.384,0.1,0.5,0.235,1.1,2.6,0.415,0.404,0.7,1.3,0.525,1,2.3,3.3,1.8,0.5,0.3,0.8,1.4,3.2,2018,142160,
104,Darren Collison,collida01,PG,30,IND,69,64,29.2,4.6,9.2,0.495,1.4,3,0.468,3.2,6.3,0.508,0.571,1.8,2.1,0.882,0.5,2,2.6,5.3,1.3,0.2,1.2,1.8,12.4,2018,10000000,Cap space
105,Nick Collison,collini01,PF,37,OKC,15,0,5,0.9,1.3,0.684,0,0,,0.9,1.3,0.684,0.684,0.3,0.9,0.385,0.5,0.9,1.3,0.3,0,0,0.5,0.5,2.1,2018,2328652,Minimum Salary
106,Mike Conley,conlemi01,PG,30,MEM,12,12,31.1,5.3,14,0.381,2,6.4,0.312,3.3,7.6,0.44,0.452,4.4,5.5,0.803,0,2.3,2.3,4.1,1,0.3,1.5,2,17.1,2018,28530608,Cap Space
107,Pat Connaughton,connapa01,SG,25,POR,82,5,18.1,2,4.8,0.423,0.9,2.6,0.352,1.1,2.2,0.506,0.518,0.5,0.5,0.841,0.4,1.5,2,1.1,0.3,0.3,0.5,1.5,5.4,2018,1471382,Minimum Salary
108,Quinn Cook,cookqu01,PG,24,GSW,33,18,22.4,3.7,7.6,0.484,1.4,3.2,0.442,2.3,4.5,0.514,0.575,0.7,0.8,0.88,0.3,2.2,2.5,2.7,0.4,0,1,1.8,9.5,2018,100000,
108,Quinn Cook,cookqu01,PG,24,GSW,33,18,22.4,3.7,7.6,0.484,1.4,3.2,0.442,2.3,4.5,0.514,0.575,0.7,0.8,0.88,0.3,2.2,2.5,2.7,0.4,0,1,1.8,9.5,2018,25000,
112,DeMarcus Cousins,couside01,C,27,NOP,48,48,36.2,8.5,18,0.47,2.2,6.1,0.354,6.3,11.9,0.53,0.53,6.1,8.2,0.746,2.2,10.7,12.9,5.4,1.6,1.6,5,3.8,25.2,2018,18063850,1st Round Pick
113,Robert Covington,covinro01,SF,27,PHI,80,80,31.7,4.3,10.5,0.413,2.5,6.9,0.369,1.8,3.6,0.497,0.534,1.5,1.7,0.853,0.7,4.7,5.4,2,1.7,0.9,1.6,3,12.6,2018,16698103,Cap Space
114,Allen Crabbe,crabbal01,SG,25,BRK,75,68,29.3,4.5,11,0.407,2.7,7.1,0.378,1.8,3.9,0.461,0.529,1.5,1.8,0.852,0.4,3.9,4.3,1.6,0.6,0.5,1,2.2,13.2,2018,19332500,Cap Space
116,Jamal Crawford,crawfja01,SG,37,MIN,80,0,20.7,3.9,9.3,0.415,1.3,3.9,0.331,2.6,5.4,0.477,0.485,1.3,1.4,0.903,0.3,1,1.2,2.3,0.5,0.1,1.2,1.1,10.3,2018,4328000,
117,Jordan Crawford,crawfjo02,SG,29,NOP,5,0,10.6,2.4,5.4,0.444,1.6,2.8,0.571,0.8,2.6,0.308,0.593,0.2,0.2,1,0.4,0.4,0.8,2.6,0.2,0.2,1,1.4,6.6,2018,250000,
118,Jae Crowder,crowdja01,SF,27,CLE,53,47,25.4,3,7.1,0.418,1.2,3.6,0.328,1.8,3.5,0.508,0.5,1.5,1.7,0.848,0.8,2.5,3.3,1.1,0.8,0.2,0.8,2.3,8.6,2018,6796117,Bird Rights
118,Jae Crowder,crowdja01,SF,27,UTA,27,0,27.6,4.2,10.9,0.386,1.8,5.6,0.316,2.4,5.3,0.462,0.468,1.6,2.1,0.768,0.7,3.1,3.8,1.5,0.9,0.3,1.2,2.3,11.8,2018,6796117,Bird Rights
119,Dante Cunningham,cunnida01,SF,30,NOP,51,24,21.9,1.9,4.4,0.44,0.7,2.1,0.324,1.3,2.3,0.547,0.518,0.4,0.7,0.556,1,2.8,3.8,0.5,0.5,0.3,0.3,1.5,5,2018,2300000,MLE
119,Dante Cunningham,cunnida01,SF,30,BRK,22,1,20.3,3,6.3,0.468,1,2.7,0.383,1.9,3.6,0.532,0.55,0.5,0.7,0.688,1.3,3.5,4.8,1,0.5,0.6,0.8,1.6,7.5,2018,2300000,MLE
120,Stephen Curry,curryst01,PG,29,GSW,51,51,32,8.4,16.9,0.495,4.2,9.8,0.423,4.2,7.1,0.595,0.618,5.5,5.9,0.921,0.7,4.4,5.1,6.1,1.6,0.2,3,2.2,26.4,2018,34682550,Bird Rights
121,Troy Daniels,danietr01,SG,26,PHO,79,15,20.5,2.9,7.3,0.403,2.3,5.8,0.4,0.6,1.5,0.419,0.563,0.7,0.8,0.875,0.2,1.5,1.6,0.6,0.3,0.1,0.7,1.7,8.9,2018,3408520,Cap Space
122,Anthony Davis,davisan02,PF,24,NOP,75,75,36.4,10.4,19.5,0.534,0.7,2.2,0.34,9.7,17.3,0.558,0.552,6.6,8,0.828,2.5,8.6,11.1,2.3,1.5,2.6,2.2,2.1,28.1,2018,23775506,1st Round Pick
123,Deyonta Davis,davisde01,C,21,MEM,62,6,15.2,2.6,4.3,0.608,0,0,,2.6,4.3,0.608,0.608,0.6,0.9,0.667,1.2,2.8,4,0.6,0.2,0.6,0.5,2,5.8,2018,1312611,Cap Space
124,Ed Davis,davised01,C,28,POR,78,0,18.9,2.2,3.7,0.582,0,0,0,2.2,3.7,0.584,0.582,0.9,1.4,0.667,2.3,5,7.4,0.5,0.4,0.7,0.8,2.4,5.3,2018,6352531,Cap Space
125,Dewayne Dedmon,dedmode01,C,28,ATL,62,46,24.9,4,7.7,0.524,0.8,2.3,0.355,3.2,5.4,0.595,0.577,1.1,1.4,0.779,1.6,6.3,7.9,1.5,0.6,0.8,1.4,2.6,10,2018,6000000,Cap space
126,Sam Dekker,dekkesa01,PF,23,LAC,73,1,12.1,1.8,3.5,0.494,0.1,0.8,0.167,1.6,2.7,0.593,0.514,0.5,0.8,0.661,0.6,1.8,2.4,0.5,0.3,0.1,0.5,1,4.2,2018,1794600,1st Round pick
127,Malcolm Delaney,delanma01,PG,28,ATL,54,3,18.8,2,5.3,0.382,0.9,2.3,0.371,1.2,3,0.391,0.463,1.4,1.7,0.804,0.2,1.7,1.9,3,0.6,0.1,1.2,1.5,6.3,2018,2500000,Room Exception
128,Matthew Dellavedova,dellama01,PG,27,MIL,38,3,18.7,1.4,4,0.362,0.8,2.1,0.372,0.7,1.9,0.351,0.457,0.7,0.7,0.926,0.4,1.3,1.7,3.8,0.4,0,1.3,1.8,4.3,2018,9607500,Cap Space
130,DeMar DeRozan,derozde01,SG,28,TOR,80,80,33.9,8.1,17.7,0.456,1.1,3.6,0.31,7,14.1,0.494,0.488,5.8,7,0.825,0.7,3.2,3.9,5.2,1.1,0.3,2.2,1.9,23,2018,27739975,Cap Space
131,Cheick Diallo,diallch01,PF,21,NOP,52,0,11.2,2,3.4,0.58,0,0,,2,3.4,0.58,0.58,1,1.3,0.758,0.9,3.2,4.1,0.4,0.2,0.4,0.5,1.6,4.9,2018,1312611,Minimum Salary
132,Gorgui Dieng,dienggo01,C,28,MIN,79,0,16.9,2.4,4.9,0.479,0.2,0.8,0.311,2.1,4.1,0.511,0.504,1,1.3,0.775,1.3,3.2,4.6,0.9,0.6,0.5,0.7,1.9,5.9,2018,14112360,1st Round Pick
133,Spencer Dinwiddie,dinwisp01,PG,24,BRK,80,58,28.8,4.1,10.5,0.387,1.8,5.4,0.326,2.3,5.1,0.452,0.471,2.7,3.4,0.813,0.5,2.7,3.2,6.6,0.9,0.3,1.6,2.3,12.6,2018,1524305,Minimum Salary
134,Tyler Dorsey,dorsety01,SG,21,ATL,56,5,17.4,2.6,6.8,0.377,1.3,3.6,0.362,1.3,3.3,0.393,0.471,0.8,1.1,0.714,0.3,2,2.3,1.4,0.3,0.1,0.7,1.1,7.2,2018,815615,Minimum Salary
135,Damyean Dotson,dotsoda01,SG,23,NYK,44,2,10.8,1.6,3.7,0.447,0.5,1.5,0.324,1.1,2.1,0.538,0.516,0.4,0.5,0.696,0.2,1.7,1.9,0.7,0.3,0,0.4,0.8,4.1,2018,1100000,Minimum Salary
138,Goran Dragic,dragigo01,PG,31,MIA,75,75,31.7,6.5,14.3,0.45,1.5,4,0.37,5,10.3,0.481,0.502,2.9,3.6,0.801,0.7,3.4,4.1,4.8,0.8,0.2,2.2,2.4,17.3,2018,17000450,Bird Rights
140,Andre Drummond,drumman01,C,24,DET,78,78,33.7,6,11.3,0.529,0,0.1,0,6,11.2,0.536,0.529,3.1,5.1,0.605,5.1,10.9,16,3,1.5,1.6,2.6,3.2,15,2018,23775506,Cap Space
141,Jared Dudley,dudleja01,PF,32,PHO,48,0,14.3,1,2.5,0.393,0.6,1.7,0.363,0.4,0.9,0.452,0.512,0.6,0.7,0.771,0.2,1.8,2,1.6,0.5,0.2,0.6,1.8,3.2,2018,10000000,Cap Space
142,Kris Dunn,dunnkr01,PG,23,CHI,52,43,29.3,5.5,12.8,0.429,0.8,2.6,0.321,4.7,10.2,0.457,0.462,1.6,2.2,0.737,0.5,3.8,4.3,6,2,0.5,2.9,3.3,13.4,2018,4046760,1st Round pick
143,Kevin Durant,duranke01,SF,29,GSW,68,68,34.2,9.3,18,0.516,2.5,6.1,0.419,6.7,11.9,0.565,0.586,5.3,5.9,0.889,0.5,6.4,6.8,5.4,0.7,1.8,3,2,26.4,2018,25000000,Non-Bird Rights
145,Henry Ellenson,ellenhe01,PF,21,DET,38,0,8.7,1.4,3.8,0.363,0.5,1.6,0.333,0.9,2.3,0.384,0.432,0.7,0.8,0.862,0.3,1.9,2.1,0.5,0.1,0,0.5,0.6,4,2018,1780800,1st Round pick
146,Wayne Ellington,ellinwa01,SG,30,MIA,77,2,26.5,3.7,9.1,0.407,2.9,7.5,0.392,0.8,1.6,0.479,0.569,0.9,1,0.859,0.3,2.5,2.8,1,0.7,0.1,0.7,1.2,11.2,2018,6270000,Cap Space
147,Joel Embiid,embiijo01,C,23,PHI,63,63,30.3,8.1,16.8,0.483,1,3.4,0.308,7,13.4,0.527,0.514,5.7,7.4,0.769,2.3,8.7,11,3.2,0.6,1.8,3.7,3.3,22.9,2018,6100266,1st Round Pick
148,James Ennis,ennisja01,SF,27,MEM,45,14,23.4,2.4,4.9,0.486,0.7,1.9,0.357,1.7,3.1,0.565,0.554,1.4,1.6,0.877,1.2,2.3,3.5,1.1,0.7,0.3,0.8,1.8,6.9,2018,3028410,Room exception
148,James Ennis,ennisja01,SF,27,DET,27,8,20.4,2.7,6,0.457,0.8,2.6,0.304,2,3.4,0.57,0.522,1.2,1.6,0.767,0.7,1.7,2.5,0.8,0.6,0.2,0.7,2,7.5,2018,3028410,Room exception
149,Tyler Ennis,ennisty01,PG,23,LAL,54,11,12.6,1.7,4.1,0.42,0.3,1,0.25,1.5,3.1,0.476,0.451,0.4,0.5,0.759,0.4,1.4,1.8,1.9,0.6,0.2,0.7,1.4,4.1,2018,1524305,Minimum Salary
150,Jawun Evans,evansja01,PG,21,LAC,48,4,16.2,1.9,5.3,0.352,0.3,1.1,0.278,1.5,4.1,0.372,0.381,0.8,1,0.776,0.2,1.6,1.8,2.1,0.8,0.1,0.9,2,4.8,2018,815615,MLE
152,Tyreke Evans,evansty01,PG,28,MEM,52,32,30.9,7,15.6,0.452,2.2,5.5,0.399,4.8,10.1,0.482,0.523,3.2,4,0.785,0.8,4.3,5.1,5.2,1.1,0.3,2.3,1.8,19.4,2018,3290000,Bi-annual Exception
153,Dante Exum,exumda01,PG,22,UTA,14,0,16.8,3,6.2,0.483,0.4,1.3,0.278,2.6,4.9,0.536,0.511,1.8,2.2,0.806,0.3,1.6,1.9,3.1,0.6,0.2,1.4,1.4,8.1,2018,4992385,1st Round Pick
154,Kenneth Faried,farieke01,PF,28,DEN,32,7,14.4,2.4,4.6,0.514,0,0,0,2.4,4.6,0.517,0.514,1.1,1.6,0.706,2.1,2.7,4.8,0.6,0.4,0.4,0.7,1.6,5.9,2018,12921348,1st Round Pick
155,Derrick Favors,favorde01,C,26,UTA,77,77,28,5.1,9.1,0.563,0.2,0.8,0.222,4.9,8.3,0.596,0.573,1.8,2.8,0.651,2.6,4.6,7.2,1.3,0.7,1.1,1.1,2.1,12.3,2018,12000000,1st Round Pick
156,Kay Felder,feldeka01,PG,22,CHI,14,0,9.6,1.4,4.7,0.303,0.3,1.3,0.222,1.1,3.4,0.333,0.333,0.8,0.9,0.917,0.1,0.9,1,1.4,0.2,0.1,1.1,0.8,3.9,2018,1312611,
157,Cristiano Felicio,feliccr01,C,25,CHI,55,16,17.8,2.3,3.9,0.591,0,0,0,2.3,3.9,0.596,0.591,1,1.5,0.667,1.5,2.7,4.2,1,0.3,0.2,1,1.9,5.6,2018,7843500,Cap space
158,Raymond Felton,feltora01,PG,33,OKC,82,2,16.6,2.7,6.7,0.406,1,2.8,0.352,1.7,3.9,0.444,0.479,0.4,0.5,0.818,0.3,1.6,1.9,2.5,0.6,0.2,0.9,1.1,6.9,2018,2328652,Minimum Salary
159,Terrance Ferguson,fergute01,SG,19,OKC,61,12,12.5,1.1,2.8,0.414,0.7,2,0.333,0.5,0.8,0.612,0.533,0.1,0.2,0.9,0.3,0.5,0.8,0.3,0.4,0.2,0.2,1.4,3.1,2018,1785000,1st Round Pick
160,Yogi Ferrell,ferreyo01,SG,24,DAL,82,21,27.8,3.8,8.9,0.426,1.6,4.4,0.373,2.2,4.5,0.477,0.518,1,1.3,0.796,0.3,2.7,3,2.5,0.8,0.1,1,1.9,10.2,2018,1312611,Minimum Salary
161,Dorian Finney-Smith,finnedo01,PF,24,DAL,21,13,21.3,2.2,5.8,0.38,1,3.2,0.299,1.2,2.6,0.481,0.463,0.5,0.7,0.733,1,2.5,3.6,1.2,0.5,0.2,1,2,5.9,2018,1312611,Minimum Salary
162,Bryn Forbes,forbebr01,SG,24,SAS,80,12,19,2.6,6.2,0.421,1.1,2.9,0.39,1.5,3.4,0.446,0.51,0.6,0.9,0.667,0.2,1.2,1.4,1,0.4,0,0.5,1.4,6.9,2018,1312611,Minimum Salary
163,Evan Fournier,fournev01,SF,25,ORL,57,57,32.2,6.5,14.1,0.459,2.2,5.9,0.379,4.2,8.2,0.516,0.538,2.6,3,0.867,0.4,2.8,3.2,2.9,0.8,0.3,1.7,2.4,17.8,2018,17000000,Cap Space
164,De'Aaron Fox,foxde01,PG,20,SAC,73,60,27.8,4.5,10.9,0.412,0.6,2.1,0.307,3.8,8.8,0.436,0.441,1.9,2.7,0.723,0.5,2.3,2.8,4.4,1,0.3,2.4,2.2,11.6,2018,4609200,1st Round Pick
165,Tim Frazier,fraziti01,PG,27,WAS,59,11,14.2,1.2,2.9,0.395,0.3,0.9,0.304,0.9,2,0.44,0.445,0.4,0.5,0.767,0.3,1.6,1.9,3.3,0.8,0.1,1,1.6,3,2018,2000000,Room exception
166,Channing Frye,fryech01,C,34,CLE,44,1,12.4,1.9,3.8,0.497,0.7,2,0.333,1.2,1.8,0.684,0.586,0.3,0.3,0.933,0.2,2.3,2.5,0.6,0.4,0.3,0.4,1.2,4.8,2018,7420912,Cap Space
166,Channing Frye,fryech01,C,34,LAL,9,0,16.7,2.2,4.8,0.465,1,2.8,0.36,1.2,2,0.611,0.57,0.3,0.4,0.75,0.2,2.6,2.8,1.1,0.1,0.1,0.4,1.7,5.8,2018,7420912,Cap Space
167,Markelle Fultz,fultzma01,SG,19,PHI,14,0,18.1,3.2,7.9,0.405,0,0.1,0,3.2,7.9,0.409,0.405,0.7,1.5,0.476,0.8,2.3,3.1,3.8,0.9,0.3,1.2,1.6,7.1,2018,7026240,1st Round Pick
168,Danilo Gallinari,gallida01,SF,29,LAC,21,21,32,4.9,12.2,0.398,1.7,5.3,0.324,3.1,6.9,0.455,0.469,3.9,4.1,0.931,0.4,4.4,4.8,2,0.6,0.5,1.2,1.4,15.3,2018,20559599,Sign and Trade
169,Langston Galloway,gallola01,SG,26,DET,58,2,14.9,2.2,5.9,0.371,1.3,3.8,0.344,0.9,2.1,0.418,0.481,0.6,0.7,0.805,0.2,1.4,1.6,1,0.6,0.1,0.3,0.7,6.2,2018,6666667,MLE
170,Marc Gasol,gasolma01,C,33,MEM,73,73,33,5.9,14.2,0.42,1.5,4.4,0.341,4.5,9.8,0.456,0.473,3.8,4.6,0.834,1.1,7,8.1,4.2,0.7,1.4,2.7,2.5,17.2,2018,22642350,Bird Rights
171,Pau Gasol,gasolpa01,C,37,SAS,77,63,23.5,3.7,8.1,0.458,0.6,1.6,0.358,3.2,6.6,0.481,0.492,2.1,2.7,0.756,1.7,6.4,8,3.1,0.3,1,1.4,1.6,10.1,2018,16000000,
172,Rudy Gay,gayru01,PF,31,SAS,57,6,21.6,4.4,9.4,0.471,0.6,2.1,0.314,3.8,7.4,0.516,0.506,2,2.5,0.772,1.3,3.8,5.1,1.3,0.8,0.7,1.4,1.7,11.5,2018,8406000,MLE
173,Paul George,georgpa01,SF,27,OKC,79,79,36.6,7.3,17,0.43,3.1,7.7,0.401,4.2,9.3,0.454,0.521,4.3,5.2,0.822,0.9,4.7,5.7,3.3,2,0.5,2.7,2.9,21.9,2018,19508958,1st Round Pick
174,Marcus Georges-Hunt,georgma01,SG,23,MIN,42,0,5.3,0.5,1.1,0.438,0.1,0.4,0.267,0.4,0.8,0.515,0.479,0.3,0.5,0.619,0.2,0.2,0.4,0.2,0.1,0,0.1,0.8,1.4,2018,1312611,Minimum Salary
176,Taj Gibson,gibsota01,PF,32,MIN,82,82,33.2,5.2,9,0.577,0.1,0.4,0.2,5.1,8.6,0.595,0.581,1.7,2.3,0.768,2.4,4.8,7.1,1.2,0.8,0.7,1.1,2.7,12.2,2018,14000000,Cap space
177,Manu Ginobili,ginobma01,SG,40,SAS,65,0,20,3.1,7.1,0.434,1,3,0.333,2.1,4.2,0.506,0.503,1.7,2,0.84,0.3,1.9,2.2,2.5,0.7,0.2,1.6,1.9,8.9,2018,2500000,
178,Rudy Gobert,goberru01,C,25,UTA,56,56,32.4,4.9,7.9,0.622,0,0,,4.9,7.9,0.622,0.622,3.6,5.3,0.682,2.9,7.8,10.7,1.4,0.8,2.3,1.9,2.7,13.5,2018,21974719,1st Round Pick
179,Aaron Gordon,gordoaa01,PF,22,ORL,58,57,32.9,6.5,14.9,0.434,2,5.9,0.336,4.5,9,0.497,0.5,2.7,3.9,0.698,1.5,6.4,7.9,2.3,1,0.8,1.8,1.9,17.6,2018,5504420,1st Round Pick
180,Eric Gordon,gordoer01,SG,29,HOU,69,30,31.2,6,14.1,0.428,3.2,8.8,0.359,2.9,5.2,0.544,0.54,2.8,3.5,0.809,0.4,2.1,2.5,2.2,0.6,0.4,1.9,1.7,18,2018,12943020,Cap Space
181,Marcin Gortat,gortama01,C,33,WAS,82,82,25.3,3.5,6.8,0.518,0,0,,3.5,6.8,0.518,0.518,1.3,2,0.675,2.2,5.4,7.6,1.8,0.5,0.7,1.2,2.1,8.4,2018,12782609,Bird Rights
182,Treveon Graham,grahatr01,SG,24,CHO,63,2,16.7,1.5,3.5,0.434,0.6,1.5,0.412,0.9,2,0.452,0.525,0.7,0.9,0.695,0.7,1.3,1.9,0.9,0.5,0,0.4,1.7,4.3,2018,1312611,Minimum Salary
183,Jerami Grant,grantje01,PF,23,OKC,81,1,20.3,3,5.6,0.535,0.4,1.4,0.291,2.6,4.3,0.613,0.57,2,3,0.675,1.1,2.9,3.9,0.7,0.4,1,0.7,1.9,8.4,2018,1524305,Draft Pick
184,Jerian Grant,grantje02,PG,25,CHI,74,26,22.8,2.8,6.8,0.416,0.8,2.5,0.326,2,4.3,0.468,0.476,1.9,2.5,0.745,0.4,1.9,2.3,4.6,0.9,0.1,1.2,1.8,8.4,2018,1713840,1st Round pick
185,Josh Gray,grayjo01,PG,24,PHO,5,0,17.2,2.2,8.2,0.268,0.6,2.6,0.231,1.6,5.6,0.286,0.305,1.4,2.2,0.636,0.4,1.6,2,2.4,1.6,0.4,1.4,1.6,6.4,2018,92160,
186,Danny Green,greenda02,SG,30,SAS,70,60,25.6,3.1,8,0.387,1.7,4.6,0.363,1.4,3.4,0.419,0.49,0.7,0.9,0.769,0.6,3,3.6,1.6,0.9,1.1,1.1,1.7,8.6,2018,10000000,Bird Rights
187,Draymond Green,greendr01,PF,27,GSW,70,70,32.7,4,8.8,0.454,1.1,3.7,0.301,2.9,5.2,0.562,0.516,1.9,2.5,0.775,1.1,6.6,7.6,7.3,1.4,1.3,2.9,2.6,11,2018,16400000,Bird Rights
188,Gerald Green,greenge01,SG,32,HOU,41,2,22.7,4.1,10.1,0.407,2.7,7.3,0.369,1.4,2.8,0.504,0.54,1.2,1.5,0.85,0.4,2.9,3.2,0.6,0.6,0.4,0.8,2.1,12.1,2018,947248,Minimum Salary
189,JaMychal Green,greenja01,PF,27,MEM,55,54,28,4.1,8.9,0.457,0.8,2.3,0.339,3.3,6.6,0.499,0.501,1.5,2,0.721,2.7,5.8,8.4,1.4,0.6,0.5,1.4,2.8,10.3,2018,8533333,Bird Rights
190,Jeff Green,greenje02,PF,31,CLE,78,13,23.4,3.8,7.9,0.477,0.7,2.2,0.312,3.1,5.7,0.54,0.52,2.6,3,0.868,0.8,2.4,3.2,1.3,0.5,0.4,1,1.9,10.8,2018,2116955,Minimum Salary
191,Blake Griffin,griffbl01,PF,28,LAC,33,33,34.5,7.7,17.5,0.441,1.9,5.7,0.342,5.8,11.8,0.488,0.497,5.2,6.6,0.785,1.4,6.5,7.9,5.4,0.9,0.3,3,2.4,22.6,2018,29512900,Bird Rights
191,Blake Griffin,griffbl01,PF,28,DET,25,25,33.2,7.2,16.7,0.433,1.9,5.4,0.348,5.4,11.3,0.473,0.489,3.5,4.4,0.784,1.1,5.6,6.6,6.2,0.4,0.4,2.6,2.4,19.8,2018,29512900,Bird Rights
193,Tim Hardaway Jr.,hardati02,SG,25,NYK,57,54,33.1,6.3,15,0.421,2.3,7.2,0.317,4,7.8,0.516,0.496,2.6,3.1,0.816,0.6,3.4,3.9,2.7,1.1,0.2,1.6,2.2,17.5,2018,16500000,Cap space
194,James Harden,hardeja01,SG,28,HOU,72,72,35.4,9,20.1,0.449,3.7,10,0.367,5.4,10.1,0.531,0.541,8.7,10.1,0.858,0.6,4.8,5.4,8.8,1.8,0.7,4.4,2.3,30.4,2018,28299399,Bird Rights
195,Maurice Harkless,harklma01,SF,24,POR,59,36,21.4,2.5,5,0.495,0.8,2,0.415,1.7,3,0.547,0.577,0.7,1,0.712,0.8,2,2.7,0.9,0.8,0.7,0.7,1.7,6.5,2018,10162922,Cap Space
196,Montrezl Harrell,harremo01,C,24,LAC,76,3,17,4.6,7.2,0.635,0,0.1,0.143,4.6,7.1,0.641,0.636,1.8,2.9,0.626,1.4,2.7,4,1,0.5,0.7,0.9,1.9,11,2018,1471382,
197,Devin Harris,harride01,PG,34,DAL,44,1,18.3,2.7,6.5,0.415,1,2.8,0.352,1.7,3.6,0.465,0.493,2.1,2.5,0.83,0.2,1.7,1.9,1.9,0.8,0.2,1.1,2.3,8.5,2018,4402546,Cap Space
197,Devin Harris,harride01,PG,34,DEN,27,0,19.7,2.6,6.3,0.406,1.3,3.8,0.343,1.3,2.5,0.5,0.509,1.8,2.1,0.845,0.1,1.4,1.6,2.5,0.5,0.1,1,2,8.2,2018,4402546,Cap Space
198,Gary Harris,harriga01,SG,23,DEN,67,65,34.4,6.6,13.6,0.485,2.3,5.9,0.396,4.2,7.7,0.553,0.57,2,2.4,0.827,0.6,2.1,2.6,2.9,1.8,0.2,1.8,1.8,17.5,2018,2550055,1st Round Pick
199,Joe Harris,harrijo01,SG,26,BRK,78,14,25.3,3.9,8,0.491,1.9,4.6,0.419,2,3.4,0.589,0.612,1.1,1.3,0.827,0.7,2.7,3.3,1.6,0.4,0.3,1.2,2,10.8,2018,1524305,Minimum Salary
200,Tobias Harris,harrito02,PF,25,DET,48,48,32.6,6.7,14.8,0.451,2.4,5.8,0.409,4.3,9,0.478,0.531,2.4,2.8,0.846,0.8,4.3,5.1,2,0.7,0.3,1.1,1.9,18.1,2018,16000000,Bird Rights
200,Tobias Harris,harrito02,PF,25,LAC,32,32,34.5,7.6,16,0.473,2.2,5.3,0.414,5.4,10.7,0.501,0.541,2,2.5,0.8,0.7,5.3,6,3.1,1.2,0.6,1.7,2.3,19.3,2018,16000000,Bird Rights
201,Aaron Harrison,harriaa01,SG,23,DAL,9,3,25.9,2.1,7.7,0.275,1,4.8,0.209,1.1,2.9,0.385,0.341,1.4,1.9,0.765,0.4,2.2,2.7,1.2,1,0.2,0.3,3,6.7,2018,83129,
202,Andrew Harrison,harrian01,PG,23,MEM,56,46,23.7,3.2,7.7,0.422,0.8,2.5,0.331,2.4,5.1,0.467,0.477,2.2,2.8,0.78,0.4,1.9,2.3,3.2,0.7,0.5,1.4,2.5,9.5,2018,1312611,Cap Space
203,Shaquille Harrison,harrish01,PG,24,PHO,23,2,16.7,2.6,5.4,0.476,0.3,1.1,0.231,2.3,4.3,0.541,0.5,1.2,1.7,0.737,0.4,2.3,2.7,2.4,1.1,0.3,1,1.8,6.6,2018,92160,
204,Josh Hart,hartjo01,SG,22,LAL,63,23,23.2,2.8,6,0.469,1.2,3.1,0.396,1.6,2.8,0.551,0.573,1,1.5,0.702,0.7,3.5,4.2,1.3,0.7,0.3,0.7,1.7,7.9,2018,1394520,1st Round Pick
206,Nigel Hayes,hayesni01,SF,23,SAC,5,0,21,1.6,5.6,0.286,0.4,2.4,0.167,1.2,3.2,0.375,0.321,0,0.4,0,0.8,3.6,4.4,0.8,0.4,0.6,0.2,1.6,3.6,2018,92160,
206,Nigel Hayes,hayesni01,SF,23,SAC,5,0,21,1.6,5.6,0.286,0.4,2.4,0.167,1.2,3.2,0.375,0.321,0,0.4,0,0.8,3.6,4.4,0.8,0.4,0.6,0.2,1.6,3.6,2018,50000,
206,Nigel Hayes,hayesni01,SF,23,SAC,5,0,21,1.6,5.6,0.286,0.4,2.4,0.167,1.2,3.2,0.375,0.321,0,0.4,0,0.8,3.6,4.4,0.8,0.4,0.6,0.2,1.6,3.6,2018,46080,
210,John Henson,hensojo01,C,27,MIL,76,69,25.9,3.8,6.6,0.572,0,0.1,0.143,3.8,6.5,0.578,0.573,1.2,2.1,0.57,2,4.8,6.8,1.5,0.6,1.4,1.1,2.7,8.8,2018,11422536,1st Round Pick
211,Juan Hernangomez,hernaju01,PF,22,DEN,25,3,11.1,1.2,3,0.387,0.6,2,0.28,0.6,1,0.6,0.48,0.4,0.5,0.833,0.7,1.4,2.2,0.5,0.2,0.1,0.4,1,3.3,2018,2076840,1st Round pick
212,Willy Hernangomez,hernawi01,C,23,NYK,26,0,9,1.9,3.1,0.605,0,0.2,0.2,1.8,2.9,0.632,0.611,0.5,1.1,0.429,0.8,1.7,2.6,0.8,0.3,0.3,1,1.2,4.3,2018,1435750,Cap Space
212,Willy Hernangomez,hernawi01,C,23,CHO,22,1,11.9,1.9,3.8,0.506,0.2,0.3,0.571,1.7,3.5,0.5,0.53,2.1,2.8,0.758,1.8,3.5,5.3,0.5,0.5,0.4,0.4,1.5,6.1,2018,1435750,Cap Space
213,Mario Hezonja,hezonma01,SF,22,ORL,75,30,22.1,3.6,8.2,0.442,1.2,3.6,0.337,2.4,4.7,0.523,0.515,1.1,1.4,0.819,0.5,3.2,3.7,1.4,1.1,0.4,1.1,1.8,9.6,2018,4078320,1st round pick
215,Buddy Hield,hieldbu01,SG,25,SAC,80,12,25.3,5.2,11.7,0.446,2.2,5.1,0.431,3,6.6,0.457,0.54,0.9,1,0.877,0.7,3.2,3.8,1.9,1.1,0.3,1.6,1.9,13.5,2018,3675480,1st Round pick
216,Nene,hilarne01,C,35,HOU,52,4,14.6,2.6,4.6,0.569,0,0,0,2.6,4.6,0.574,0.569,1.3,2.1,0.636,1,2.3,3.4,0.9,0.5,0.3,0.7,2.4,6.5,2018,3477600,Non-Bird Rights
217,George Hill,hillge01,PG,31,SAC,43,36,26.6,3.6,7.6,0.469,1.3,3,0.453,2.2,4.6,0.48,0.558,1.8,2.3,0.778,0.5,2.2,2.7,2.8,0.9,0.3,1.4,1.7,10.3,2018,20000000,Cap space
217,George Hill,hillge01,PG,31,CLE,24,24,27.9,3.5,7.8,0.444,1.1,3.2,0.351,2.3,4.6,0.509,0.516,1.4,1.7,0.805,0.8,1.8,2.7,2.8,0.9,0.6,1.2,2.2,9.4,2018,20000000,Cap space
218,Solomon Hill,hillso01,SF,26,NOP,12,1,15.6,0.9,3.4,0.268,0.3,1.8,0.19,0.6,1.7,0.35,0.317,0.3,0.5,0.5,0.8,2.3,3,1.8,0.6,0.1,0.8,1.8,2.4,2018,12236535,Cap Space
220,Jrue Holiday,holidjr01,SG,27,NOP,81,81,36.1,7.6,15.4,0.494,1.5,4.4,0.337,6.1,11,0.557,0.543,2.3,2.9,0.786,0.8,3.7,4.5,6,1.5,0.8,2.6,2.5,19,2018,25686667,Bird Rights
221,Justin Holiday,holidju01,SG,28,CHI,72,72,31.5,4,10.9,0.371,2.2,6.2,0.359,1.8,4.6,0.387,0.474,1.9,2.3,0.823,0.4,3.6,4,2.1,1.1,0.4,1.3,1.9,12.2,2018,4615385,MLE
223,Rondae Hollis-Jefferson,holliro01,SF,23,BRK,68,59,28.2,5,10.6,0.472,0.2,0.8,0.241,4.8,9.9,0.491,0.481,3.7,4.6,0.788,1.5,5.3,6.8,2.5,1,0.7,1.8,2.1,13.9,2018,1471382,1st Round pick
224,Richaun Holmes,holmeri01,C,24,PHI,48,2,15.5,2.8,5,0.56,0.1,0.6,0.129,2.7,4.4,0.624,0.568,0.8,1.2,0.661,1.2,3.2,4.4,1.3,0.4,0.6,0.5,2,6.5,2018,1471382,Cap Space
225,Rodney Hood,hoodro01,SG,25,UTA,39,12,27.8,6,14.2,0.424,2.6,6.7,0.389,3.4,7.4,0.455,0.516,2.2,2.5,0.876,0.4,2.5,2.8,1.7,0.8,0.2,1.6,1.6,16.8,2018,2386864,1st Round Pick
225,Rodney Hood,hoodro01,SG,25,CLE,21,11,25.3,4.2,9.5,0.442,1.2,3.4,0.352,3,6.1,0.492,0.505,1.2,1.5,0.813,0.4,2.2,2.6,1.4,0.7,0.2,0.3,2,10.8,2018,2386864,1st Round Pick
227,Al Horford,horfoal01,C,31,BOS,72,72,31.6,5.1,10.5,0.489,1.3,3.1,0.429,3.8,7.3,0.514,0.553,1.3,1.7,0.783,1.4,5.9,7.4,4.7,0.6,1.1,1.8,1.9,12.9,2018,27734405,Cap Space
229,Dwight Howard,howardw01,C,32,CHO,81,81,30.4,6.2,11.2,0.555,0,0.1,0.143,6.2,11.2,0.559,0.556,4.1,7.2,0.574,3.1,9.3,12.5,1.3,0.6,1.6,2.6,3.1,16.6,2018,23500000,Cap Space
230,Josh Huestis,huestjo01,PF,26,OKC,69,10,14.2,0.9,2.6,0.33,0.5,1.7,0.287,0.4,1,0.403,0.42,0.1,0.3,0.3,0.6,1.7,2.3,0.3,0.2,0.6,0.4,1.2,2.3,2018,1471382,
233,Serge Ibaka,ibakase01,PF,28,TOR,76,76,27.5,5,10.3,0.483,1.4,3.9,0.36,3.6,6.4,0.559,0.552,1.2,1.6,0.797,1,5.3,6.3,0.8,0.4,1.3,1.2,2.8,12.6,2018,20061729,Cap space
234,Andre Iguodala,iguodan01,SF,34,GSW,64,7,25.3,2.3,5,0.463,0.5,1.8,0.282,1.8,3.2,0.567,0.514,0.9,1.4,0.632,0.8,3.1,3.8,3.3,0.8,0.6,1,1.5,6,2018,14814815,Bird Rights
235,Ersan Ilyasova,ilyaser01,PF,30,ATL,46,40,25.5,4,8.7,0.459,1.3,3.7,0.359,2.7,5,0.532,0.535,1.6,2,0.8,1.6,3.8,5.5,1.1,1,0.4,0.9,2,10.9,2018,6000000,
235,Ersan Ilyasova,ilyaser01,PF,30,PHI,23,3,24.1,4,9.2,0.439,1.3,3.6,0.361,2.7,5.6,0.488,0.509,1.4,2,0.733,1.9,4.8,6.7,1.7,0.7,0.4,1.3,2.8,10.8,2018,502328,
236,Joe Ingles,inglejo01,SF,30,UTA,82,81,31.4,4.1,8.8,0.467,2.5,5.7,0.44,1.6,3.1,0.516,0.609,0.8,1,0.795,0.3,3.9,4.2,4.8,1.1,0.2,1.9,2.2,11.5,2018,14136364,Bird Rights
238,Brandon Ingram,ingrabr01,SF,20,LAL,59,59,33.5,6.1,12.9,0.47,0.7,1.8,0.39,5.4,11.1,0.483,0.497,3.3,4.8,0.681,1,4.4,5.3,3.9,0.8,0.7,2.5,2.8,16.1,2018,5519400,1st Round pick
239,Kyrie Irving,irvinky01,PG,25,BOS,60,60,32.2,8.9,18.1,0.491,2.8,6.8,0.408,6.1,11.3,0.541,0.568,3.9,4.4,0.889,0.6,3.2,3.8,5.1,1.1,0.3,2.3,2,24.4,2018,18868625,Bird Rights
240,Jonathan Isaac,isaacjo01,PF,20,ORL,27,10,19.9,2,5.4,0.379,0.6,1.7,0.348,1.4,3.7,0.394,0.434,0.7,0.9,0.76,0.6,3.1,3.7,0.7,1.2,1.1,1,1.8,5.4,2018,4186320,1st Round Pick
241,Wesley Iwundu,iwundwe01,SF,23,ORL,62,12,16.5,1.5,3.5,0.427,0.1,0.7,0.196,1.4,2.8,0.488,0.447,0.5,0.8,0.723,0.6,1.6,2.2,0.9,0.5,0.2,0.5,1.3,3.7,2018,1050000,
242,Jarrett Jack,jackja01,PG,34,NYK,62,56,25,3,7.1,0.427,0.4,1.4,0.291,2.6,5.8,0.459,0.455,1,1.2,0.84,0.4,2.7,3.1,5.6,0.6,0.1,1.9,1.6,7.5,2018,2328652,Minimum Salary
245,Josh Jackson,jacksjo02,SF,20,PHO,77,35,25.4,5.1,12.1,0.417,0.7,2.8,0.263,4.3,9.3,0.464,0.448,2.3,3.6,0.634,1.2,3.3,4.6,1.5,1,0.5,1.9,2.8,13.1,2018,5090040,1st Round Pick
246,Justin Jackson,jacksju01,SF,22,SAC,68,41,22.1,2.7,6.2,0.442,0.8,2.7,0.308,1.9,3.4,0.547,0.51,0.4,0.5,0.722,0.4,2.4,2.8,1.1,0.4,0.2,0.6,1.2,6.7,2018,2365560,1st Round Pick
247,Reggie Jackson,jacksre01,PG,27,DET,45,45,26.7,5.5,12.8,0.426,1.2,3.8,0.308,4.3,9.1,0.475,0.471,2.5,3,0.836,0.6,2.1,2.8,5.3,0.6,0.1,2.2,1.9,14.6,2018,16000000,Bird Rights
248,LeBron James,jamesle01,PF,33,CLE,82,82,36.9,10.5,19.3,0.542,1.8,5,0.367,8.6,14.3,0.603,0.59,4.7,6.5,0.731,1.2,7.5,8.6,9.1,1.4,0.9,4.2,1.7,27.5,2018,33285709,Early Bird
249,Mike James,jamesmi02,PG,27,PHO,32,10,20.9,3.8,9.8,0.388,0.8,3,0.268,3,6.7,0.442,0.429,2,2.6,0.762,0.4,2.4,2.8,3.8,0.8,0.2,1.5,1.4,10.4,2018,87552,
250,Al Jefferson,jeffeal01,C,33,IND,36,1,13.4,3.1,5.8,0.534,0,0.1,0,3.1,5.7,0.541,0.534,0.8,1,0.833,0.8,3.1,4,0.8,0.4,0.6,0.6,1.8,7,2018,9769821,Cap Space
251,Richard Jefferson,jefferi01,SF,37,DEN,20,0,8.2,0.6,1.4,0.444,0.1,0.4,0.286,0.5,1,0.5,0.481,0.2,0.4,0.571,0.1,0.8,0.9,0.8,0.1,0.1,0.3,0.6,1.5,2018,2328652,Minimum Salary
252,Brandon Jennings,jennibr01,PG,28,MIL,14,0,14.6,1.9,5.1,0.375,0.6,2.4,0.273,1.3,2.8,0.462,0.438,0.7,0.7,1,0.4,1.9,2.2,3.1,0.4,0.3,1.3,0.8,5.2,2018,238020,
253,Jonas Jerebko,jerebjo01,PF,30,UTA,74,19,15.3,2.1,4.6,0.466,0.9,2.1,0.414,1.3,2.5,0.511,0.562,0.6,0.8,0.807,0.7,2.6,3.3,0.6,0.3,0.2,0.4,1.7,5.8,2018,4000000,Cap space
254,Amir Johnson,johnsam01,C,30,PHI,74,18,15.8,1.9,3.5,0.538,0.1,0.4,0.313,1.8,3.1,0.57,0.558,0.7,1.1,0.612,1.7,2.8,4.5,1.6,0.6,0.6,0.7,2.6,4.6,2018,11000000,Cap space
255,Brice Johnson,johnsbr02,PF,23,LAC,9,0,4.2,0.8,1.2,0.636,0,0.1,0,0.8,1.1,0.7,0.636,0.2,0.2,1,0.2,1.2,1.4,0.1,0.7,0.2,0.4,0.8,1.8,2018,1331160,
255,Brice Johnson,johnsbr02,PF,23,MEM,9,0,6.7,1.4,3.4,0.419,0,0,,1.4,3.4,0.419,0.419,0.1,0.3,0.333,0.8,1.2,2,0.1,0.3,0.4,0.1,0.7,3,2018,1331160,
256,Dakari Johnson,johnsda04,C,22,OKC,31,6,5.2,0.7,1.3,0.564,0,0,,0.7,1.3,0.564,0.564,0.4,0.6,0.55,0.5,0.6,1.1,0.3,0.2,0.3,0.1,0.9,1.8,2018,815615,
257,James Johnson,johnsja01,PF,30,MIA,73,41,26.6,4.2,8.4,0.503,0.8,2.5,0.308,3.5,5.9,0.587,0.55,1.5,2.2,0.698,0.8,4.1,4.9,3.8,1,0.7,1.9,2.6,10.8,2018,13954000,Cap space
258,Joe Johnson,johnsjo02,SF,36,UTA,32,3,21.9,3,7.1,0.42,0.7,2.6,0.274,2.3,4.4,0.507,0.471,0.6,0.8,0.833,0.4,3,3.3,1.4,0.4,0.2,1,1,7.3,2018,9505000,
258,Joe Johnson,johnsjo02,SF,36,UTA,32,3,21.9,3,7.1,0.42,0.7,2.6,0.274,2.3,4.4,0.507,0.471,0.6,0.8,0.833,0.4,3,3.3,1.4,0.4,0.2,1,1,7.3,2018,749905,
258,Joe Johnson,johnsjo02,SF,36,HOU,23,1,22,2.2,5.8,0.381,0.7,2.7,0.279,1.5,3.2,0.466,0.444,0.9,0.9,0.952,0.1,2.7,2.8,1.7,0.3,0,0.8,1.5,6,2018,749905,
260,Stanley Johnson,johnsst04,SF,21,DET,69,50,27.4,3,8.1,0.375,1,3.4,0.286,2.1,4.7,0.439,0.435,1.6,2.1,0.772,0.5,3.2,3.7,1.6,1.4,0.2,1.1,2.4,8.7,2018,3097800,1st round pick
261,Tyler Johnson,johnsty01,PG,25,MIA,72,39,28.5,4.3,9.9,0.435,1.7,4.5,0.367,2.6,5.4,0.491,0.518,1.5,1.8,0.822,0.5,3,3.4,2.3,0.8,0.5,1.1,2.1,11.7,2018,5881260,Cap Space
262,Wesley Johnson,johnswe01,SF,30,LAC,74,40,20.1,2,5,0.408,0.8,2.4,0.339,1.2,2.6,0.471,0.489,0.6,0.8,0.741,0.4,2.5,2.9,0.8,1,0.8,0.7,2,5.4,2018,5881260,Cap Space
263,Nikola Jokic,jokicni01,C,22,DEN,75,73,32.6,6.7,13.5,0.499,1.5,3.7,0.396,5.2,9.7,0.538,0.554,3.5,4.2,0.85,2.6,8.1,10.7,6.1,1.2,0.8,2.8,2.8,18.5,2018,1471382,
264,Damian Jones,jonesda03,C,22,GSW,15,0,5.9,0.7,1.5,0.5,0,0,,0.7,1.5,0.5,0.5,0.2,0.3,0.6,0.3,0.6,0.9,0.1,0.1,0.2,0.3,0.9,1.7,2018,1312611,1st Round pick
265,Derrick Jones Jr.,jonesde02,SF,20,MIA,14,8,15.1,1.4,3.5,0.388,0.2,1.1,0.188,1.1,2.4,0.485,0.418,0.8,1.3,0.611,1.4,1.1,2.4,0.4,0.2,0.6,0.4,1.6,3.7,2018,1312611,
267,Tyus Jones,jonesty01,PG,21,MIN,82,11,17.9,1.8,4,0.457,0.5,1.6,0.349,1.3,2.4,0.528,0.526,0.9,1,0.877,0.2,1.4,1.6,2.8,1.2,0.1,0.7,1.3,5.1,2018,1471382,1st Round pick
268,DeAndre Jordan,jordade01,C,29,LAC,77,77,31.5,4.8,7.5,0.645,0,0,,4.8,7.5,0.645,0.645,2.4,4.1,0.58,4.3,10.9,15.2,1.5,0.5,0.9,1.8,2.6,12,2018,22642350,Bird Rights
269,Cory Joseph,josepco01,PG,26,IND,82,17,27,3.1,7.4,0.424,0.8,2.3,0.353,2.3,5,0.457,0.479,0.9,1.1,0.745,0.5,2.7,3.2,3.2,1,0.2,1.1,1.7,7.9,2018,7630000,Cap Space
270,Frank Kaminsky,kaminfr01,PF,24,CHO,79,4,23.2,3.9,9.1,0.429,1.3,3.5,0.38,2.6,5.6,0.459,0.501,2,2.5,0.799,0.6,3.1,3.6,1.6,0.5,0.2,0.8,1.2,11.1,2018,2847600,1st round pick
271,Enes Kanter,kanteen01,C,25,NYK,71,71,25.8,5.9,10,0.592,0,0,0,5.9,10,0.594,0.592,2.2,2.6,0.848,3.8,7.1,11,1.5,0.5,0.5,1.7,2.6,14.1,2018,20566802,Bird Rights
272,Luke Kennard,kennalu01,SG,21,DET,73,9,20,2.8,6.4,0.443,1.1,2.7,0.415,1.7,3.7,0.463,0.53,0.9,1,0.855,0.3,2.1,2.4,1.7,0.6,0.2,0.9,1.2,7.6,2018,2759280,1st Round Pick
273,Michael Kidd-Gilchrist,kiddgmi01,SF,24,CHO,74,74,25,3.8,7.6,0.504,0,0,0,3.8,7.5,0.505,0.504,1.6,2.3,0.684,1.1,2.9,4.1,1,0.7,0.4,0.7,1.9,9.2,2018,13000000,1st Round Pick
274,Sean Kilpatrick,kilpase01,SG,28,BRK,16,0,11.4,1.6,5.4,0.287,0.7,2.7,0.256,0.9,2.8,0.318,0.351,1.1,1.2,0.947,0.1,2.1,2.2,0.9,0.1,0.1,1,0.5,4.9,2018,1524305,
274,Sean Kilpatrick,kilpase01,SG,28,MIL,23,0,8.9,1.3,3.6,0.378,0.6,2,0.283,0.8,1.6,0.5,0.457,0.8,0.8,0.947,0,1,1.1,0.7,0.2,0,0.4,0.7,4,2018,789725,
274,Sean Kilpatrick,kilpase01,SG,28,CHI,9,1,23.8,5.2,11.9,0.439,2.1,5.3,0.396,3.1,6.6,0.475,0.528,2.9,3.6,0.813,0.3,2.4,2.8,1.4,0.7,0.3,1.3,0.9,15.4,2018,1524305,
274,Sean Kilpatrick,kilpase01,SG,28,CHI,9,1,23.8,5.2,11.9,0.439,2.1,5.3,0.396,3.1,6.6,0.475,0.528,2.9,3.6,0.813,0.3,2.4,2.8,1.4,0.7,0.3,1.3,0.9,15.4,2018,789725,
274,Sean Kilpatrick,kilpase01,SG,28,CHI,9,1,23.8,5.2,11.9,0.439,2.1,5.3,0.396,3.1,6.6,0.475,0.528,2.9,3.6,0.813,0.3,2.4,2.8,1.4,0.7,0.3,1.3,0.9,15.4,2018,172238,
275,Maxi Kleber,klebima01,PF,26,DAL,72,36,16.8,2.1,4.3,0.489,0.6,1.8,0.313,1.5,2.5,0.613,0.553,0.6,0.8,0.746,1,2.3,3.3,0.7,0.4,0.7,0.4,1.6,5.4,2018,815615,Minimum Salary
276,Furkan Korkmaz,korkmfu01,SG,20,PHI,14,0,5.7,0.6,2,0.286,0.4,1.2,0.294,0.2,0.8,0.273,0.375,0.1,0.3,0.5,0.1,0.6,0.8,0.3,0.1,0.1,0.1,0.9,1.6,2018,1465920,1st Round Pick
278,Kyle Korver,korveky01,SG,36,CLE,73,4,21.6,3,6.6,0.459,2.2,5.2,0.436,0.8,1.5,0.537,0.628,0.9,1,0.889,0.1,2.1,2.3,1.2,0.4,0.4,0.8,1.8,9.2,2018,7000000,Bird Rights
279,Kosta Koufos,koufoko01,C,28,SAC,71,13,19.6,3.1,5.5,0.571,0,0,,3.1,5.5,0.571,0.571,0.5,1,0.446,2.1,4.5,6.6,1.2,0.7,0.5,0.7,2.1,6.7,2018,8393000,Cap Space
280,Kyle Kuzma,kuzmaky01,PF,22,LAL,77,37,31.2,6.1,13.5,0.45,2.1,5.6,0.366,4,7.9,0.511,0.527,1.9,2.7,0.707,1.1,5.1,6.3,1.8,0.6,0.4,1.8,2.1,16.1,2018,1423560,1st Round Pick
282,Skal Labissiere,labissk01,PF,21,SAC,60,28,20.7,3.4,7.6,0.448,0.3,0.9,0.353,3.1,6.8,0.459,0.467,1.6,2,0.805,1.7,3.2,4.8,1.2,0.4,0.8,1.2,2.2,8.7,2018,1312611,1st Round pick
283,Jeremy Lamb,lambje01,SG,25,CHO,80,18,24.6,4.8,10.4,0.457,1.2,3.2,0.37,3.6,7.2,0.495,0.513,2.2,2.6,0.861,0.6,3.4,4.1,2.3,0.8,0.4,1.2,1.7,12.9,2018,7000000,Rookie scale extension
284,Shane Larkin,larkish01,PG,25,BOS,54,2,14.4,1.6,4.1,0.384,0.6,1.6,0.36,1,2.5,0.398,0.454,0.6,0.7,0.865,0.3,1.4,1.7,1.8,0.5,0,0.6,1.1,4.3,2018,1524305,Minimum Salary
285,Joffrey Lauvergne,lauvejo01,C,26,SAS,55,1,9.7,1.8,3.5,0.516,0,0.1,0,1.8,3.4,0.53,0.516,0.5,0.9,0.638,1.1,2,3.1,0.7,0.2,0.1,0.6,0.8,4.1,2018,1524305,
286,Zach LaVine,lavinza01,SG,22,CHI,24,24,27.3,5.7,14.8,0.383,1.8,5.1,0.341,3.9,9.7,0.405,0.442,3.6,4.5,0.813,0.4,3.5,3.9,3,1,0.2,1.8,2.3,16.7,2018,3202217,1st Round Pick
288,T.J. Leaf,leaftj01,PF,20,IND,53,0,8.7,1.2,2.6,0.471,0.3,0.8,0.429,0.9,1.8,0.489,0.537,0.2,0.3,0.625,0.5,1,1.5,0.2,0.1,0.1,0.2,0.8,2.9,2018,2028360,1st Round Pick
289,Courtney Lee,leeco01,SG,32,NYK,76,69,30.4,4.5,9.9,0.454,1.5,3.7,0.406,3,6.3,0.482,0.529,1.5,1.6,0.919,0.4,2.6,2.9,2.4,1.1,0.2,1.1,1.4,12,2018,11747890,Cap Space
290,Damion Lee,leeda03,SG,25,ATL,15,11,26.9,4.1,10.1,0.408,1,4,0.25,3.1,6.1,0.511,0.457,1.5,1.9,0.759,0.7,4,4.7,1.9,1.3,0.1,0.9,1.7,10.7,2018,92160,
291,Walt Lemon Jr.,lemonwa01,PG,25,NOP,5,0,7,1.4,3.2,0.438,0.2,0.2,1,1.2,3,0.4,0.469,0.4,0.6,0.667,0,0.4,0.4,1,0,0.2,0.8,1,3.4,2018,92160,
292,Alex Len,lenal01,C,24,PHO,69,13,20.2,3.1,5.5,0.566,0,0,0.333,3.1,5.4,0.568,0.567,2.3,3.3,0.684,2.5,5,7.5,1.2,0.4,0.9,1.1,2.3,8.5,2018,4187599,1st Round Pick
293,Kawhi Leonard,leonaka01,SF,26,SAS,9,9,23.3,5.8,12.3,0.468,1.2,3.9,0.314,4.6,8.4,0.539,0.518,3.4,4.2,0.816,0.7,4,4.7,2.3,2,1,1.8,1,16.2,2018,18868625,Bird Rights
294,Meyers Leonard,leoname01,C,25,POR,33,2,7.7,1.4,2.4,0.59,0.3,0.8,0.423,1.1,1.6,0.673,0.66,0.3,0.3,0.818,0.4,1.8,2.1,0.5,0.2,0,0.3,1.1,3.4,2018,9904495,Cap Space
295,Jon Leuer,leuerjo01,PF,28,DET,8,0,17,1.9,4.5,0.417,0,0.4,0,1.9,4.1,0.455,0.417,1.6,1.9,0.867,0.9,3.1,4,0.6,0.1,0.4,0.9,2,5.4,2018,10497319,Cap Space
296,Caris LeVert,leverca01,SF,23,BRK,71,10,26.3,4.5,10.4,0.435,1.2,3.5,0.347,3.3,6.9,0.48,0.493,1.9,2.6,0.711,0.7,2.9,3.7,4.2,1.2,0.3,2.2,2.2,12.1,2018,1632480,1st Round pick
297,DeAndre Liggins,liggide01,SG,29,MIL,31,1,15.5,0.7,2.1,0.338,0.4,1.2,0.306,0.4,0.9,0.379,0.423,0.1,0.2,0.4,0.2,1.4,1.6,0.9,0.9,0.3,0.4,2,1.8,2018,1577230,
298,Damian Lillard,lillada01,PG,27,POR,73,73,36.6,8.5,19.4,0.439,3.1,8.6,0.361,5.4,10.8,0.501,0.519,6.8,7.4,0.916,0.8,3.6,4.5,6.6,1.1,0.4,2.8,1.6,26.9,2018,26153057,1st Round Pick
300,Shaun Livingston,livinsh01,PG,32,GSW,71,7,15.9,2.4,4.8,0.501,0,0.1,0,2.4,4.8,0.509,0.501,0.7,0.9,0.82,0.5,1.4,1.8,2,0.5,0.3,0.8,1.6,5.5,2018,7692308,Bird Rights
301,Kevon Looney,looneke01,C,21,GSW,66,4,13.8,1.7,2.9,0.58,0,0.1,0.2,1.7,2.8,0.59,0.583,0.6,1.2,0.545,1.3,2,3.3,0.6,0.5,0.8,0.5,1.6,4,2018,1471382,1st Round pick
302,Brook Lopez,lopezbr01,C,29,LAL,74,72,23.4,5,10.7,0.465,1.5,4.4,0.345,3.5,6.3,0.549,0.536,1.5,2.1,0.703,1,3,4,1.7,0.4,1.3,1.3,2.6,13,2018,22642350,Bird Rights
303,Robin Lopez,lopezro01,C,29,CHI,64,64,26.4,5.3,10.1,0.53,0.1,0.2,0.286,5.3,9.9,0.536,0.533,1.1,1.4,0.756,2.1,2.4,4.5,1.9,0.2,0.8,1.7,1.7,11.8,2018,13788500,Cap Space
304,Kevin Love,loveke01,C,29,CLE,59,59,28,5.7,12.4,0.458,2.3,5.6,0.415,3.3,6.8,0.494,0.552,4,4.5,0.88,1.7,7.5,9.3,1.7,0.7,0.4,1.5,2,17.6,2018,22642350,Bird Rights
305,Kyle Lowry,lowryky01,PG,31,TOR,78,78,32.2,5.2,12.1,0.427,3.1,7.6,0.399,2.1,4.5,0.474,0.553,2.9,3.3,0.854,0.8,4.7,5.6,6.9,1.1,0.2,2.3,2.5,16.2,2018,28703704,Bird Rights
306,Timothe Luwawu-Cabarrot,luwawti01,SF,22,PHI,52,7,15.5,1.9,5.1,0.375,1,3,0.335,0.9,2.1,0.431,0.474,0.9,1.1,0.793,0.3,1.1,1.4,1,0.2,0.1,0.7,1.9,5.8,2018,1386600,1st Round pick
308,Trey Lyles,lylestr01,PF,22,DEN,73,2,19.1,3.7,7.5,0.491,1.1,3,0.381,2.6,4.5,0.563,0.566,1.4,2,0.706,0.8,4,4.8,1.2,0.4,0.5,0.8,1.5,9.9,2018,2441400,1st round pick
309,Shelvin Mack,macksh01,PG,27,ORL,69,3,19.8,2.6,6,0.43,0.7,2,0.345,1.9,4,0.473,0.488,1,1.4,0.711,0.3,2.1,2.4,3.9,0.8,0.1,1.3,1.3,6.9,2018,6000000,
311,Ian Mahinmi,mahinia01,C,31,WAS,77,0,14.9,1.8,3.2,0.556,0,0,0,1.8,3.2,0.561,0.556,1.2,1.7,0.703,1.8,2.3,4.1,0.7,0.5,0.5,1.3,3,4.8,2018,16661641,Cap Space
312,Thon Maker,makerth01,C,20,MIL,74,12,16.7,1.8,4.3,0.411,0.4,1.4,0.298,1.3,2.9,0.467,0.46,0.9,1.3,0.699,1,2,3,0.6,0.5,0.7,0.6,2.2,4.8,2018,2684160,1st Round pick
313,Boban Marjanovic,marjabo01,C,29,DET,19,1,9,2.2,4.2,0.519,0,0,,2.2,4.2,0.519,0.519,1.9,2.4,0.8,0.8,2.2,3,0.7,0.2,0.3,1.2,1.5,6.2,2018,7000000,Cap Space
313,Boban Marjanovic,marjabo01,C,29,LAC,20,0,8.3,1.9,3.5,0.551,0,0,,1.9,3.5,0.551,0.551,2.1,2.6,0.788,1.7,2.7,4.4,0.4,0.3,0.3,0.7,1.2,5.9,2018,7000000,Cap Space
314,Lauri Markkanen,markkla01,PF,20,CHI,68,68,29.7,5.5,12.7,0.434,2.1,5.9,0.362,3.4,6.8,0.497,0.518,2.1,2.4,0.843,1.2,6.3,7.5,1.2,0.6,0.6,1.2,1.5,15.2,2018,3821640,1st Round Pick
315,Jarell Martin,martija01,PF,23,MEM,73,36,22.8,3,6.8,0.446,0.5,1.3,0.347,2.6,5.5,0.47,0.48,1.2,1.6,0.767,1.3,3,4.4,1,0.5,0.7,1.2,2.9,7.7,2018,1471382,1st Round pick
316,Frank Mason III,masonfr01,PG,23,SAC,52,2,18.9,2.8,7.3,0.379,0.6,1.7,0.36,2.2,5.7,0.384,0.42,1.8,2.2,0.817,0.6,1.9,2.5,2.8,0.7,0.2,1.3,1.4,7.9,2018,1184385,
318,Wesley Matthews,matthwe02,SF,31,DAL,63,62,33.8,4.5,11.1,0.406,2.4,6.4,0.381,2.1,4.7,0.441,0.516,1.3,1.6,0.822,0.4,2.7,3.1,2.7,1.2,0.3,1.3,2.2,12.7,2018,17884176,Cap Space
319,Luc Mbah a Moute,mbahalu01,PF,31,HOU,61,15,25.6,2.7,5.7,0.481,1,2.8,0.364,1.7,2.8,0.599,0.572,1.1,1.6,0.684,0.4,2.7,3,0.9,1.2,0.4,1.1,1.6,7.5,2018,2116955,Minimum Salary
321,Patrick McCaw,mccawpa01,SG,22,GSW,57,10,16.9,1.6,3.9,0.409,0.3,1.4,0.238,1.3,2.5,0.503,0.451,0.5,0.6,0.765,0.3,1.2,1.4,1.4,0.8,0.2,0.7,1.2,4,2018,1312611,Minimum Salary
322,CJ McCollum,mccolcj01,SG,26,POR,81,81,36.1,8.2,18.6,0.443,2.3,5.9,0.397,5.9,12.7,0.465,0.506,2.6,3.1,0.836,0.7,3.3,4,3.4,1,0.4,1.9,2.1,21.4,2018,23962573,1st Round Pick
323,T.J. McConnell,mccontj01,PG,25,PHI,76,1,22.4,2.8,5.5,0.499,0.4,0.8,0.435,2.4,4.7,0.51,0.531,0.4,0.5,0.795,0.5,2.5,3,4,1.2,0.2,1.5,1.6,6.3,2018,1471382,Minimum Salary
325,Chris McCullough,mcculch01,PF,22,WAS,19,0,4.7,0.9,2.2,0.429,0.1,0.4,0.125,0.9,1.8,0.5,0.44,0.5,0.7,0.643,0.4,0.9,1.3,0.2,0,0.3,0.1,0.4,2.4,2018,1471382,1st Round pick
326,Doug McDermott,mcderdo01,SF,26,NYK,55,1,21.3,2.7,6,0.46,1,2.5,0.387,1.8,3.5,0.513,0.541,0.7,1,0.755,0.6,1.8,2.4,0.9,0.2,0.2,0.6,1.3,7.2,2018,3294994,1st Round Pick
326,Doug McDermott,mcderdo01,SF,26,DAL,26,3,22.9,3.3,6.9,0.478,1.5,3,0.494,1.8,3.9,0.465,0.586,0.9,1.1,0.857,0.3,2.3,2.5,1.1,0.3,0.2,0.8,1.9,9,2018,3294994,1st Round Pick
327,JaVale McGee,mcgeeja01,C,30,GSW,65,17,9.5,2.1,3.4,0.621,0,0.1,0,2.1,3.3,0.638,0.621,0.6,0.8,0.731,0.9,1.7,2.6,0.5,0.3,0.9,0.4,1.4,4.8,2018,2116955,
328,Rodney McGruder,mcgruro01,SG,26,MIA,18,2,16.6,2,4.1,0.493,0.8,1.9,0.429,1.2,2.1,0.553,0.596,0.2,0.4,0.5,0.6,1.2,1.8,0.9,0.4,0.2,0.2,1.2,5.1,2018,1312611,Minimum Salary
330,Alfonzo McKinnie,mckinal01,SF,25,TOR,14,0,3.8,0.6,1.1,0.533,0.2,0.6,0.333,0.4,0.4,0.833,0.633,0.1,0.2,0.667,0.1,0.4,0.5,0.1,0.1,0.1,0.2,0.6,1.5,2018,815615,Minimum Salary
331,Ben McLemore,mclembe01,SG,24,MEM,56,17,19.5,2.8,6.7,0.421,1,2.8,0.346,1.8,3.8,0.477,0.495,0.9,1.1,0.828,0.6,1.9,2.5,0.9,0.7,0.3,1.1,2.5,7.5,2018,5200000,MLE
333,Jodie Meeks,meeksjo01,SG,30,WAS,77,0,14.5,2,5.1,0.399,0.9,2.7,0.343,1.1,2.4,0.464,0.491,1.3,1.5,0.863,0.2,1.4,1.6,0.9,0.4,0.1,0.5,0.7,6.3,2018,3290000,Bi-annual Exception
334,Salah Mejri,mejrisa01,C,31,DAL,61,1,12,1.4,2.2,0.642,0,0,0,1.4,2.2,0.657,0.642,0.6,1.1,0.576,1.4,2.6,4,0.6,0.4,1.1,0.6,2,3.5,2018,1471382,Minimum Salary
335,Jordan Mickey,mickejo01,PF,23,MIA,23,3,12.3,1.7,3.6,0.476,0.1,0.7,0.125,1.6,2.9,0.561,0.488,0.6,0.8,0.684,0.8,2.7,3.5,0.4,0.3,0.4,0.8,1.6,4,2018,1471382,Minimum Salary
336,Khris Middleton,middlkh01,SF,26,MIL,82,82,36.4,7.2,15.5,0.466,1.8,5,0.359,5.5,10.5,0.517,0.524,3.9,4.4,0.884,0.5,4.7,5.2,4,1.5,0.3,2.3,3.3,20.1,2018,14100000,Bird Rights
337,C.J. Miles,milescj01,SF,30,TOR,70,3,19.1,3.2,8.6,0.379,2.3,6.5,0.361,0.9,2.1,0.434,0.516,1.2,1.4,0.835,0.3,1.9,2.2,0.8,0.5,0.3,0.6,1.9,10,2018,7936509,MLE
338,Darius Miller,milleda01,SF,27,NOP,82,3,23.7,2.6,5.9,0.444,1.8,4.4,0.411,0.8,1.6,0.535,0.594,0.7,0.8,0.866,0.2,1.8,2,1.4,0.3,0.2,0.7,2,7.8,2018,2100000,MLE
340,Patty Mills,millspa02,PG,29,SAS,82,36,25.7,3.4,8.3,0.411,1.9,5,0.372,1.5,3.3,0.47,0.523,1.3,1.4,0.89,0.3,1.6,1.9,2.8,0.7,0.1,1.3,1.6,10,2018,10714286,Bird Rights
341,Paul Millsap,millspa01,PF,32,DEN,38,37,30.1,5.3,11.4,0.464,1,3,0.345,4.3,8.5,0.506,0.509,2.9,4.2,0.696,1.7,4.7,6.4,2.8,1,1.2,1.9,2.6,14.6,2018,31269231,Cap space
342,Nikola Mirotic,mirotni01,PF,26,CHI,25,3,24.9,5.7,12.1,0.474,2.8,6.4,0.429,3,5.6,0.525,0.588,2.6,3.2,0.823,0.7,5.6,6.4,1.6,0.6,0.5,1.2,1.8,16.8,2018,12500000,Cap space
342,Nikola Mirotic,mirotni01,PF,26,NOP,30,11,29.1,5.4,12.7,0.427,2.2,6.6,0.335,3.2,6.2,0.524,0.513,1.6,1.9,0.81,1.4,6.8,8.2,1.4,1,0.9,1,2.1,14.6,2018,12500000,Cap space
343,Donovan Mitchell,mitchdo01,SG,21,UTA,79,71,33.4,7.5,17.2,0.437,2.4,7,0.34,5.2,10.3,0.502,0.506,3,3.8,0.805,0.7,3.1,3.7,3.7,1.5,0.3,2.7,2.7,20.5,2018,2621280,1st Round Pick
345,Malik Monk,monkma01,SG,19,CHO,63,0,13.6,2.4,6.7,0.36,1.3,3.9,0.342,1.1,2.9,0.385,0.458,0.5,0.6,0.842,0.1,0.9,1,1.4,0.3,0.1,0.8,1,6.7,2018,2904480,1st Round Pick
346,Greg Monroe,monrogr01,C,27,MIL,5,0,15.8,3.2,6.6,0.485,0,0,,3.2,6.6,0.485,0.485,0.4,0.8,0.5,1.2,3.8,5,1,0,0,1.2,1.4,6.8,2018,17884176,
346,Greg Monroe,monrogr01,C,27,MIL,5,0,15.8,3.2,6.6,0.485,0,0,,3.2,6.6,0.485,0.485,0.4,0.8,0.5,1.2,3.8,5,1,0,0,1.2,1.4,6.8,2018,5000000,Disabled Player Exception
346,Greg Monroe,monrogr01,C,27,PHO,20,14,23.3,4.9,7.8,0.626,0,0,,4.9,7.8,0.626,0.626,1.6,2.3,0.674,2.5,5.5,8,2.5,0.8,0.3,2,2,11.3,2018,17884176,
346,Greg Monroe,monrogr01,C,27,BOS,26,0,19.1,4,7.6,0.53,0,0,,4,7.6,0.53,0.53,2.1,2.7,0.797,2,4.3,6.3,2.3,1.1,0.7,1.8,1.8,10.2,2018,5000000,Disabled Player Exception
349,E'Twaun Moore,mooreet01,SG,28,NOP,82,80,31.5,5.2,10.1,0.508,1.6,3.7,0.425,3.6,6.5,0.556,0.585,0.6,0.8,0.706,0.7,2.2,2.9,2.3,1,0.1,1.2,2.2,12.5,2018,8445024,Cap Space
350,Eric Moreland,moreler01,PF,26,DET,67,3,12,1,1.8,0.541,0,0,,1,1.8,0.541,0.541,0.2,0.4,0.379,1.2,2.9,4.1,1.2,0.5,0.8,0.6,1.7,2.1,2018,1739333,MLE
352,Marcus Morris,morrima03,PF,28,BOS,54,21,26.8,4.9,11.3,0.429,1.6,4.3,0.368,3.3,7,0.467,0.499,2.3,2.9,0.805,0.8,4.6,5.4,1.3,0.6,0.2,1.2,1.9,13.6,2018,5000000,Bird Rights
353,Markieff Morris,morrima02,PF,28,WAS,73,73,27,4.5,9.4,0.48,1,2.8,0.367,3.5,6.6,0.529,0.536,1.4,1.8,0.82,1,4.6,5.6,1.9,0.8,0.5,1.7,3,11.5,2018,8000000,Bird Rights
356,Timofey Mozgov,mozgoti01,C,31,BRK,31,13,11.6,1.7,3,0.559,0.1,0.6,0.222,1.5,2.4,0.64,0.581,0.7,1,0.767,1,2.1,3.2,0.4,0.2,0.4,1.1,1.3,4.2,2018,15280000,Cap Space
357,Emmanuel Mudiay,mudiaem01,PG,21,DEN,42,0,17.9,3.1,7.7,0.401,0.9,2.4,0.373,2.2,5.2,0.414,0.46,1.5,1.9,0.808,0.4,1.9,2.2,2.9,0.5,0.1,1.7,1.1,8.5,2018,3381480,1st round pick
357,Emmanuel Mudiay,mudiaem01,PG,21,NYK,22,14,22.4,3.4,9.3,0.368,0.4,2.1,0.196,3,7.2,0.418,0.39,1.6,2.3,0.686,0.5,2.2,2.6,3.9,0.9,0.3,1.9,1.5,8.8,2018,3381480,1st round pick
358,Shabazz Muhammad,muhamsh01,SF,25,MIN,32,2,9.4,1.5,3.8,0.388,0.1,0.6,0.211,1.3,3.2,0.422,0.405,0.7,1,0.71,0.5,0.9,1.4,0.2,0.2,0.1,0.2,0.7,3.8,2018,1577230,
358,Shabazz Muhammad,muhamsh01,SG,25,MIL,11,0,10.6,3.4,6.1,0.552,0.3,0.7,0.375,3.1,5.4,0.576,0.575,1.5,1.7,0.895,0.7,2.1,2.8,0.6,0.4,0.1,0.1,0.6,8.5,2018,1577230,
360,Dejounte Murray,murrade01,PG,21,SAS,81,48,21.5,3.3,7.5,0.443,0.1,0.4,0.265,3.2,7.1,0.454,0.451,1.3,1.8,0.709,1.4,4.3,5.7,2.9,1.2,0.4,1.7,1.9,8.1,2018,1312611,1st Round pick
361,Jamal Murray,murraja01,PG,20,DEN,81,80,31.7,5.9,13.1,0.451,2,5.4,0.378,3.9,7.7,0.502,0.529,2.8,3.1,0.905,1,2.7,3.7,3.4,1,0.3,2.1,2.1,16.7,2018,3355320,1st Round pick
362,Mike Muscala,muscami01,C,26,ATL,53,7,20,2.7,5.9,0.458,1.2,3.2,0.371,1.5,2.7,0.559,0.558,1.1,1.2,0.919,1.1,3.3,4.3,1,0.6,0.5,0.8,1.5,7.6,2018,5000000,Cap space
363,Abdel Nader,naderab01,SF,24,BOS,48,1,10.9,1,3.1,0.336,0.5,1.4,0.354,0.6,1.8,0.321,0.413,0.5,0.8,0.59,0.3,1.2,1.5,0.5,0.3,0.2,0.7,0.9,3,2018,1167333,
364,Larry Nance Jr.,nancela02,C,25,LAL,42,17,22,3.6,6,0.601,0,0.1,0.25,3.6,5.9,0.606,0.603,1.3,2.1,0.632,2.6,4.2,6.8,1.4,1.4,0.5,1,2.7,8.6,2018,1471382,1st Round pick
364,Larry Nance Jr.,nancela02,C,25,CLE,24,10,20.8,3.7,6.7,0.55,0,0.3,0.125,3.6,6.3,0.572,0.553,1.5,2.1,0.72,2.2,4.8,7,1,1.2,0.8,0.4,2.5,8.9,2018,1471382,1st Round pick
365,Shabazz Napier,napiesh01,PG,26,POR,74,10,20.7,3,7.2,0.42,1.1,2.9,0.376,1.9,4.2,0.45,0.497,1.6,1.9,0.841,0.4,1.9,2.3,2,1.1,0.2,1.2,1.1,8.7,2018,2361360,1st Round Pick
366,Jameer Nelson,nelsoja01,PG,35,NOP,43,0,20.9,2,4.8,0.41,0.9,2.6,0.364,1,2.2,0.463,0.507,0.3,0.4,0.765,0.3,2,2.2,3.6,0.5,0.1,1.3,1.6,5.1,2018,4736050,
366,Jameer Nelson,nelsoja01,PG,35,NOP,43,0,20.9,2,4.8,0.41,0.9,2.6,0.364,1,2.2,0.463,0.507,0.3,0.4,0.765,0.3,2,2.2,3.6,0.5,0.1,1.3,1.6,5.1,2018,2262871,
366,Jameer Nelson,nelsoja01,PG,35,DET,7,0,16.6,1.6,5.6,0.282,0.1,2,0.071,1.4,3.6,0.4,0.295,0.4,0.4,1,0.3,0.9,1.1,3.3,0.6,0.1,1.6,2,3.7,2018,2262871,
367,Raul Neto,netora01,PG,25,UTA,41,0,12.1,1.7,3.7,0.457,0.5,1.1,0.404,1.2,2.5,0.481,0.52,0.6,0.9,0.743,0.2,1,1.2,1.8,0.3,0.1,0.9,0.9,4.5,2018,1471382,
368,Georges Niang,niangge01,PF,24,UTA,9,0,3.6,0.4,1.2,0.364,0,0.4,0,0.4,0.8,0.571,0.364,0.1,0.2,0.5,0.3,0.7,1,0.3,0.2,0,0.3,0.1,1,2018,100000,
369,Joakim Noah,noahjo01,C,32,NYK,7,0,5.7,0.7,1.4,0.5,0,0,,0.7,1.4,0.5,0.5,0.3,0.6,0.5,0.9,1.1,2,0.6,0.3,0.3,0.6,0.7,1.7,2018,17765000,Cap Space
370,Nerlens Noel,noelne01,C,23,DAL,30,6,15.7,1.8,3.5,0.524,0,0,0,1.8,3.5,0.529,0.524,0.7,0.9,0.75,1.6,4,5.6,0.7,1,0.7,0.9,2,4.4,2018,4187599,1st Round Pick
371,Lucas Nogueira,noguelu01,C,25,TOR,49,3,8.5,1,1.6,0.613,0.1,0.4,0.263,0.9,1.2,0.721,0.644,0.4,0.6,0.679,0.4,1.4,1.8,0.4,0.5,0.9,0.3,1,2.5,2018,2947305,1st Round Pick
372,Dirk Nowitzki,nowitdi01,C,39,DAL,77,77,24.7,4.5,9.8,0.456,1.8,4.4,0.409,2.7,5.5,0.494,0.547,1.3,1.4,0.898,0.3,5.4,5.7,1.6,0.6,0.6,0.7,1.9,12,2018,5000000,Cap space
373,Frank Ntilikina,ntilila01,PG,19,NYK,78,9,21.9,2.3,6.4,0.364,0.6,2,0.318,1.7,4.4,0.385,0.414,0.6,0.9,0.721,0.5,1.8,2.3,3.2,0.8,0.2,1.7,2.3,5.9,2018,3501120,1st Round Pick
374,Jusuf Nurkic,nurkiju01,C,23,POR,79,79,26.4,6.1,12,0.505,0,0.1,0,6.1,11.9,0.508,0.505,2.2,3.5,0.63,2.4,6.6,9,1.8,0.8,1.4,2.3,3.1,14.3,2018,2947305,1st Round Pick
375,David Nwaba,nwabada01,SG,25,CHI,70,21,23.5,2.9,6,0.478,0.3,0.7,0.346,2.6,5.3,0.496,0.499,1.9,2.9,0.655,1.3,3.4,4.7,1.5,0.8,0.4,1.1,2.3,7.9,2018,1312611,Minimum Salary
376,Johnny O'Bryant,obryajo01,PF,24,CHO,36,0,10.5,1.9,4.8,0.398,0.4,1.2,0.326,1.5,3.6,0.422,0.439,0.6,0.7,0.84,0.8,1.8,2.6,0.4,0.3,0.2,0.4,1.3,4.8,2018,1524305,
377,Royce O'Neale,onealro01,SF,24,UTA,69,4,16.7,1.7,4.1,0.423,0.6,1.7,0.356,1.1,2.4,0.47,0.496,0.9,1.1,0.803,0.4,3.1,3.4,1.4,0.5,0.2,0.8,1.5,5,2018,815615,Cap space
378,Kyle O'Quinn,oquinky01,C,27,NYK,77,10,18,2.9,5,0.583,0.1,0.2,0.235,2.9,4.8,0.599,0.589,1.3,1.6,0.772,1.6,4.5,6.1,2.1,0.5,1.3,1.3,2.5,7.1,2018,4087500,Bird Rights
379,Semi Ojeleye,ojelese01,PF,23,BOS,73,0,15.8,0.9,2.6,0.346,0.5,1.7,0.32,0.3,0.9,0.397,0.452,0.3,0.6,0.61,0.5,1.7,2.2,0.3,0.3,0.1,0.3,1.2,2.7,2018,1291892,
380,Emeka Okafor,okafoem01,C,35,NOP,26,19,13.6,1.8,3.7,0.505,0,0,,1.8,3.7,0.505,0.505,0.7,0.8,0.818,1.8,2.8,4.6,0.3,0.3,1,0.5,1.2,4.4,2018,239204,
381,Jahlil Okafor,okafoja01,C,22,BRK,26,0,12.6,2.8,5,0.566,0,0.2,0.25,2.8,4.8,0.576,0.57,0.7,1,0.76,0.7,2.3,2.9,0.4,0.1,0.6,0.7,1.7,6.4,2018,4995120,1st round pick
382,Victor Oladipo,oladivi01,SG,25,IND,75,75,34,8.5,17.9,0.477,2.1,5.8,0.371,6.4,12.1,0.528,0.537,3.9,4.9,0.799,0.6,4.6,5.2,4.3,2.4,0.8,2.9,2.3,23.1,2018,21000000,1st Round Pick
383,Kelly Olynyk,olynyke01,PF,26,MIA,76,22,23.4,4.2,8.4,0.497,1.4,3.7,0.379,2.8,4.7,0.59,0.58,1.8,2.3,0.77,1.2,4.5,5.7,2.7,0.8,0.5,1.9,2.9,11.5,2018,10607169,Cap space
385,Cedi Osman,osmande01,SF,22,CLE,61,12,11,1.5,3,0.484,0.5,1.4,0.368,1,1.6,0.586,0.57,0.4,0.8,0.565,0.3,1.7,2,0.7,0.4,0,0.5,1.3,3.9,2018,2642857,MLE
386,Kelly Oubre Jr.,oubreke01,SF,22,WAS,81,11,27.5,3.9,9.8,0.403,1.6,4.6,0.341,2.4,5.2,0.456,0.482,2.4,2.9,0.82,0.7,3.8,4.5,1.2,1,0.4,1.1,2.9,11.8,2018,2093040,1st round pick
387,Zaza Pachulia,pachuza01,C,33,GSW,69,57,14.1,2.2,3.8,0.564,0,0,0,2.2,3.8,0.567,0.564,1.1,1.3,0.806,1.3,3.4,4.7,1.6,0.6,0.2,1,1.8,5.4,2018,3477600,
390,Jabari Parker,parkeja01,PF,22,MIL,31,3,24,5.2,10.7,0.482,1,2.6,0.383,4.2,8.1,0.514,0.529,1.3,1.7,0.741,1.4,3.5,4.9,1.9,0.8,0.3,1.5,1.6,12.6,2018,6782392,1st Round Pick
391,Tony Parker,parketo01,PG,35,SAS,55,21,19.5,3.2,7.1,0.459,0.2,0.7,0.27,3.1,6.4,0.479,0.472,1,1.4,0.705,0.1,1.6,1.7,3.5,0.5,0,1.2,0.9,7.7,2018,15453126,Bird Rights
392,Chandler Parsons,parsoch01,SF,29,MEM,36,8,19.2,3,6.5,0.462,1.4,3.4,0.421,1.6,3.1,0.504,0.571,0.5,0.8,0.63,0.4,2.1,2.5,1.9,0.5,0.3,1,1.5,7.9,2018,23112004,Cap Space
393,Patrick Patterson,pattepa01,PF,28,OKC,82,3,15.5,1.3,3.2,0.398,0.8,2.1,0.386,0.5,1.2,0.421,0.523,0.5,0.6,0.87,0.4,2,2.4,0.7,0.6,0.3,0.4,1.1,3.9,2018,5192000,MLE
395,Brandon Paul,paulbr01,SG,26,SAS,64,2,9,0.9,2,0.433,0.2,0.8,0.278,0.6,1.1,0.548,0.492,0.3,0.7,0.512,0.1,1,1.1,0.6,0.4,0.1,0.5,0.9,2.3,2018,815615,Minimum Salary
396,Chris Paul,paulch01,PG,32,HOU,58,58,31.8,6.3,13.8,0.46,2.5,6.5,0.38,3.8,7.2,0.532,0.55,3.5,3.8,0.919,0.6,4.8,5.4,7.9,1.7,0.2,2.2,2.4,18.6,2018,24599495,Bird Rights
398,Cameron Payne,payneca01,PG,23,CHI,25,14,23.3,3.5,8.6,0.405,1.4,3.6,0.385,2.1,5,0.419,0.486,0.5,0.6,0.75,0.7,2,2.8,4.5,1,0.4,1.4,1.8,8.8,2018,2203440,1st round pick
399,Elfrid Payton,paytoel01,PG,23,ORL,44,44,28.6,5.4,10.4,0.52,0.6,1.5,0.373,4.8,8.9,0.545,0.547,1.6,2.6,0.632,1.1,2.9,4,6.3,1.5,0.4,2.6,2.2,13,2018,3332340,1st Round Pick
399,Elfrid Payton,paytoel01,PG,23,PHO,19,19,29,4.8,11,0.435,0.3,1.3,0.2,4.5,9.7,0.467,0.447,1.9,2.8,0.685,0.9,4.4,5.3,6.2,1,0.3,2.8,2.6,11.8,2018,3332340,1st Round Pick
400,Gary Payton II,paytoga02,PG,25,MIL,12,6,8.8,1.1,2.8,0.394,0.2,1,0.167,0.9,1.8,0.524,0.424,0.2,0.3,0.667,0.3,1.1,1.4,0.8,0.3,0.1,0.3,1.4,2.5,2018,50000,
400,Gary Payton II,paytoga02,PG,25,LAL,11,0,10.5,1.5,3.7,0.415,0.4,1.2,0.308,1.2,2.5,0.464,0.463,0.1,0.5,0.167,0.8,1.6,2.5,1.1,0.4,0.2,0.4,1.2,3.5,2018,50000,
405,Mason Plumlee,plumlma01,C,27,DEN,74,26,19.4,3,5,0.601,0,0,0,3,5,0.602,0.601,1.1,2.4,0.458,1.8,3.6,5.4,1.9,0.7,1.1,1.4,2.5,7.1,2018,14041096,Cap space
406,Miles Plumlee,plumlmi01,C,29,ATL,55,35,16.7,1.9,3.3,0.583,0,0,,1.9,3.3,0.583,0.583,0.5,1.1,0.45,1.4,2.7,4.1,0.8,0.3,0.5,1.1,1.4,4.3,2018,12500000,Bird Rights
407,Jakob Poeltl,poeltja01,C,22,TOR,82,0,18.6,3.1,4.7,0.659,0,0,0.5,3.1,4.7,0.66,0.66,0.7,1.2,0.594,2,2.8,4.8,0.7,0.5,1.2,1,2.6,6.9,2018,2825640,1st Round pick
408,Quincy Pondexter,pondequ01,SF,29,CHI,23,1,8.5,0.6,2.1,0.286,0.1,1,0.136,0.5,1.2,0.407,0.316,0.6,0.7,0.824,0.3,0.8,1.2,0.4,0.3,0.1,0.5,1,2,2018,3853931,
409,Otto Porter,porteot01,SF,24,WAS,77,77,31.6,5.8,11.5,0.503,1.8,4.1,0.441,4,7.4,0.537,0.581,1.4,1.7,0.828,1.3,5.1,6.4,2,1.5,0.5,1,2,14.7,2018,24773250,Bird Rights
410,Bobby Portis,portibo01,PF,22,CHI,73,4,22.5,5.2,11.1,0.471,1.1,3.1,0.359,4.1,8.1,0.514,0.52,1.6,2.1,0.769,2.2,4.6,6.8,1.7,0.7,0.3,1.4,1.8,13.2,2018,1516320,1st Round pick
411,Kristaps Porzingis,porzikr01,PF,22,NYK,48,48,32.4,8.1,18.5,0.439,1.9,4.8,0.395,6.3,13.8,0.454,0.489,4.5,5.7,0.793,1.3,5.3,6.6,1.2,0.8,2.4,1.9,2.9,22.7,2018,4503600,1st round pick
412,Dwight Powell,poweldw01,C,26,DAL,79,25,21.2,3.2,5.4,0.593,0.4,1.1,0.333,2.9,4.4,0.656,0.626,1.7,2.3,0.719,1.7,3.9,5.6,1.2,0.8,0.4,0.7,2.4,8.5,2018,9003125,Cap Space
413,Norman Powell,powelno01,SG,24,TOR,70,18,15.2,2.1,5.3,0.401,0.8,2.7,0.285,1.4,2.7,0.516,0.472,0.5,0.6,0.821,0.2,1.5,1.7,1.3,0.5,0.2,0.9,1.6,5.5,2018,1471382,Cap Space
416,Rodney Purvis,purviro01,SG,23,ORL,16,2,18.1,2.2,6.7,0.327,0.8,3.3,0.25,1.4,3.4,0.4,0.388,0.8,0.9,0.867,0.1,1.6,1.7,1.1,0.2,0.2,0.6,1.6,6,2018,92160,
417,Zhou Qi,qizh01,C,22,HOU,18,0,6.9,0.3,1.8,0.188,0.1,1.1,0.105,0.2,0.7,0.308,0.219,0.4,0.7,0.667,0.3,0.9,1.2,0.1,0.1,0.8,0.6,0.8,1.2,2018,815615,MLE
419,Ivan Rabb,rabbiv01,PF,20,MEM,36,5,14.3,2.4,4.2,0.566,0,0,,2.4,4.2,0.566,0.566,0.8,1,0.806,1.5,2.9,4.4,0.9,0.3,0.4,1,1.5,5.6,2018,950000,MLE
420,Julius Randle,randlju01,C,23,LAL,82,49,26.7,6.1,11,0.558,0.1,0.5,0.222,6,10.5,0.575,0.563,3.7,5.2,0.718,2.2,5.8,8,2.6,0.5,0.5,2.6,3.3,16.1,2018,4149242,1st Round Pick
421,Zach Randolph,randoza01,PF,36,SAC,59,57,25.6,6.1,12.9,0.473,0.9,2.5,0.347,5.3,10.4,0.503,0.507,1.4,1.8,0.785,1.6,5.1,6.7,2.2,0.7,0.2,2,2,14.5,2018,12307692,Cap space
422,Xavier Rathan-Mayes,rathaxa01,SG,23,MEM,5,0,23.6,2.4,8.4,0.286,0.2,2.8,0.071,2.2,5.6,0.393,0.298,0.8,1.8,0.444,0,1,1,3.6,1.2,0.6,2.2,3.6,5.8,2018,46080,
423,J.J. Redick,redicjj01,SG,33,PHI,70,70,30.2,5.8,12.6,0.46,2.8,6.6,0.42,3,6,0.504,0.569,2.8,3.1,0.904,0.1,2.4,2.5,3,0.5,0.1,1.5,1.8,17.1,2018,23000000,Cap space
424,Davon Reed,reedda01,SG,22,PHO,21,1,11.5,1,3.6,0.289,0.5,1.8,0.289,0.5,1.8,0.289,0.362,0.4,0.6,0.667,0.1,1.8,1.9,0.6,0.5,0.1,0.5,0.8,3,2018,815615,Minimum Salary
425,Willie Reed,reedwi02,C,27,LAC,39,5,10.7,2.1,3.1,0.667,0,0.1,0.5,2,3,0.669,0.671,0.8,1.4,0.582,0.9,2.2,3.1,0.2,0.2,0.6,0.5,1.4,4.9,2018,1577230,
426,Josh Richardson,richajo01,SF,24,MIA,81,81,33.2,4.9,10.9,0.451,1.6,4.1,0.378,3.4,6.8,0.495,0.523,1.5,1.8,0.845,0.9,2.7,3.5,2.9,1.5,0.9,1.7,2.5,12.9,2018,1471382,Minimum Salary
427,Malachi Richardson,richama01,SG,22,SAC,25,4,12.8,1.2,3.5,0.33,0.5,1.6,0.308,0.7,2,0.347,0.398,0.7,0.9,0.773,0.2,1.1,1.3,0.5,0.4,0,0.4,1.1,3.5,2018,1504560,1st Round pick
428,Austin Rivers,riverau01,SG,25,LAC,61,59,33.7,5.6,13.2,0.424,2.2,5.9,0.378,3.4,7.3,0.461,0.508,1.7,2.6,0.642,0.4,1.9,2.4,4,1.2,0.3,1.8,2.5,15.1,2018,11825000,Cap Space
429,Andre Roberson,roberan03,SG,26,OKC,39,39,26.6,2.2,4.2,0.537,0.2,0.9,0.222,2,3.2,0.627,0.562,0.3,1,0.316,1.9,2.8,4.7,1.2,1.2,0.9,0.8,2.3,5,2018,9259259,Bird Rights
431,Glenn Robinson III,robingl02,SF,24,IND,23,1,14.7,1.6,3.7,0.424,0.6,1.5,0.412,1,2.2,0.431,0.506,0.4,0.5,0.818,0.5,1.1,1.6,0.7,0.6,0,0.2,0.6,4.1,2018,1524305,
432,Rajon Rondo,rondora01,PG,31,NOP,65,63,26.2,3.6,7.6,0.468,0.8,2.3,0.333,2.8,5.3,0.526,0.518,0.4,0.7,0.543,0.5,3.6,4,8.2,1.1,0.2,2.3,1.8,8.3,2018,3300000,MLE
433,Derrick Rose,rosede01,PG,29,CLE,16,7,19.3,3.6,8.3,0.439,0.4,1.5,0.25,3.3,6.8,0.481,0.462,2.2,2.6,0.854,0.6,1.2,1.8,1.6,0.2,0.3,1.8,0.9,9.8,2018,2116955,
433,Derrick Rose,rosede01,PG,29,MIN,9,0,12.4,2.6,6,0.426,0.1,0.7,0.167,2.4,5.3,0.458,0.435,0.6,0.6,1,0.3,0.3,0.7,1.2,0.4,0,0.8,0.2,5.8,2018,2116955,
434,Terrence Ross,rosste01,SG,26,ORL,24,20,25,3.2,8,0.398,1.3,3.9,0.323,1.9,4.1,0.469,0.476,1.1,1.5,0.75,0.4,2.6,3,1.6,1.1,0.5,1.2,1.9,8.7,2018,10500000,Rookie scale extension
435,Terry Rozier,roziete01,PG,23,BOS,80,16,25.9,4,10,0.395,1.9,5,0.381,2,5,0.41,0.491,1.4,1.9,0.772,0.8,3.9,4.7,2.9,1,0.2,1,1.5,11.3,2018,1988520,1st round pick
436,Ricky Rubio,rubiori01,PG,27,UTA,77,77,29.3,4.5,10.7,0.418,1.2,3.5,0.352,3.2,7.2,0.451,0.476,2.9,3.3,0.866,0.6,4,4.6,5.3,1.6,0.1,2.7,2.7,13.1,2018,14275000,1st Round Pick
437,D'Angelo Russell,russeda01,PG,21,BRK,48,35,25.7,5.8,14,0.414,1.9,5.8,0.324,3.9,8.2,0.477,0.481,2,2.7,0.74,0.6,3.3,3.9,5.2,0.8,0.4,3.1,1.9,15.5,2018,5562360,1st round pick
438,Domantas Sabonis,sabondo01,C,21,IND,74,19,24.5,4.6,8.9,0.514,0.2,0.5,0.351,4.4,8.4,0.524,0.524,2.3,3,0.75,2.2,5.5,7.7,2,0.5,0.4,1.9,3,11.6,2018,2550000,1st Round pick
440,Dario Saric,saricda01,PF,23,PHI,78,73,29.6,5.2,11.4,0.453,2,5.1,0.393,3.2,6.3,0.501,0.541,2.3,2.7,0.86,2,4.7,6.7,2.6,0.7,0.3,1.9,2.1,14.6,2018,2422560,1st Round pick
441,Tomas Satoransky,satorto01,SG,26,WAS,73,30,22.5,2.8,5.3,0.523,0.6,1.4,0.465,2.1,3.9,0.544,0.585,1,1.3,0.781,1,2.2,3.2,3.9,0.7,0.2,1.1,1.8,7.2,2018,3000000,Cap Space
442,Dennis Schroder,schrode01,PG,24,ATL,67,67,31,7.5,17.1,0.436,1.1,3.9,0.29,6.3,13.2,0.48,0.469,3.4,4,0.849,0.7,2.4,3.1,6.2,1.1,0.1,2.7,2.2,19.4,2018,15500000,1st Round Pick
443,Mike Scott,scottmi01,PF,29,WAS,76,1,18.5,3.6,6.9,0.527,0.9,2.1,0.405,2.8,4.8,0.582,0.59,0.7,1,0.658,0.7,2.6,3.3,1.1,0.3,0.1,1,1.9,8.8,2018,1709538,Minimum Salary
444,Thabo Sefolosha,sefolth01,SF,33,UTA,38,6,21.2,3.1,6.3,0.492,0.8,2.2,0.381,2.3,4.1,0.551,0.558,1.2,1.4,0.815,0.8,3.5,4.2,0.9,1.4,0.3,0.8,1.6,8.2,2018,5250000,Cap space
445,Wayne Selden,seldewa01,SG,23,MEM,35,9,19.8,3.3,7.7,0.431,1.4,3.5,0.402,1.9,4.2,0.456,0.522,1.3,1.7,0.746,0.5,1.1,1.6,1.9,0.5,0.1,1.5,1.7,9.3,2018,1312611,
446,Ramon Sessions,sessira01,PG,31,NYK,13,3,12.8,1.3,4.1,0.321,0.2,0.8,0.182,1.2,3.2,0.357,0.34,0.9,1.2,0.8,0.1,1.3,1.4,2.1,0.5,0.1,1.2,1.1,3.7,2018,2328652,
446,Ramon Sessions,sessira01,PG,31,WAS,15,0,15,1.7,4.3,0.391,0.4,1,0.4,1.3,3.3,0.388,0.438,2.1,2.8,0.762,0.3,1,1.3,3.3,0.5,0.1,1,1,5.9,2018,263124,
447,Iman Shumpert,shumpim01,SG,27,CLE,14,6,19.7,1.6,4.1,0.379,0.5,1.9,0.269,1.1,2.3,0.469,0.44,0.8,1.1,0.733,0.5,2.4,2.9,1.2,0.6,0.3,1.1,1.6,4.4,2018,10337079,Bird Rights
448,Pascal Siakam,siakapa01,PF,23,TOR,81,5,20.7,3.1,6.1,0.508,0.4,1.6,0.22,2.8,4.5,0.612,0.537,0.7,1.1,0.621,1,3.5,4.5,2,0.8,0.5,0.8,2,7.3,2018,1312611,1st Round pick
450,Ben Simmons,simmobe01,PG,21,PHI,81,81,33.7,6.7,12.3,0.545,0,0.1,0,6.7,12.2,0.551,0.545,2.4,4.2,0.56,1.8,6.3,8.1,8.2,1.7,0.9,3.4,2.6,15.8,2018,6168840,1st Round pick
451,Jonathon Simmons,simmojo02,SG,28,ORL,69,50,29.4,5.1,11,0.465,1,3,0.338,4.1,8.1,0.512,0.511,2.7,3.5,0.768,0.9,2.6,3.5,2.5,0.8,0.2,2.1,2.5,13.9,2018,6300000,Cap space
453,Kyle Singler,singlky01,SF,29,OKC,12,0,4.9,0.6,1.8,0.333,0.2,0.4,0.4,0.4,1.3,0.313,0.381,0.6,1.1,0.538,0.1,0.8,0.8,0.2,0.1,0,0.3,0.3,1.9,2018,4666500,Bird Rights
454,Marcus Smart,smartma01,SG,23,BOS,54,11,29.9,3.5,9.5,0.367,1.4,4.6,0.301,2.1,4.9,0.429,0.44,1.8,2.5,0.729,0.8,2.7,3.5,4.8,1.3,0.4,2.4,2.5,10.2,2018,4538020,1st Round Pick
455,Dennis Smith Jr.,smithde03,PG,20,DAL,69,69,29.7,5.9,14.8,0.395,1.5,4.9,0.313,4.3,9.9,0.435,0.446,1.9,2.8,0.694,0.7,3,3.8,5.2,1,0.3,2.8,2.2,15.2,2018,3218280,1st Round Pick
456,Ish Smith,smithis01,PG,29,DET,82,35,24.9,4.7,9.8,0.486,0.4,1.2,0.347,4.3,8.5,0.506,0.507,1,1.4,0.698,0.3,2.4,2.7,4.4,0.8,0.2,1.3,1.7,10.9,2018,6000000,Cap Space
457,J.R. Smith,smithjr01,SG,32,CLE,80,61,28.1,3,7.4,0.403,1.8,4.8,0.375,1.2,2.7,0.453,0.524,0.5,0.7,0.696,0.4,2.6,2.9,1.8,0.9,0.1,1,2,8.3,2018,13760000,Bird Rights
458,Jason Smith,smithja02,C,31,WAS,33,2,8.6,1.4,3.5,0.391,0.1,1,0.125,1.2,2.5,0.494,0.409,0.6,0.6,0.905,0.5,1.1,1.6,0.4,0.1,0.4,0.5,1.3,3.4,2018,5225000,Cap Space
460,Tony Snell,snellto01,SG,26,MIL,75,59,27.4,2.5,5.7,0.435,1.4,3.6,0.403,1,2.1,0.49,0.562,0.5,0.6,0.792,0.1,1.8,1.9,1.3,0.6,0.4,0.5,1.5,6.9,2018,9821429,Cap space
461,Marreese Speights,speigma01,C,30,ORL,52,3,13,2.7,6.7,0.395,1.7,4.5,0.369,1,2.2,0.448,0.519,0.8,1.1,0.727,0.4,2.2,2.6,0.8,0.2,0.4,0.8,2,7.7,2018,2116955,Minimum Salary
462,Nik Stauskas,stausni01,SG,24,BRK,35,0,13.7,1.7,4.3,0.393,1.1,2.8,0.404,0.5,1.5,0.373,0.527,0.5,0.8,0.704,0.1,1.7,1.8,1.1,0.1,0.1,0.6,0.6,5.1,2018,3807146,1st Round Pick
463,Lance Stephenson,stephla01,SG,27,IND,82,7,22.6,3.7,8.6,0.427,0.8,2.8,0.289,2.9,5.8,0.495,0.475,1,1.5,0.661,0.8,4.4,5.2,2.9,0.6,0.2,1.6,2.2,9.2,2018,4180000,Cap space
467,Caleb Swanigan,swanica01,PF,20,POR,27,3,7,0.9,2.2,0.4,0,0.3,0.125,0.9,1.9,0.442,0.408,0.4,0.7,0.667,0.6,1.4,2,0.5,0.2,0.1,0.7,1.4,2.3,2018,1465920,1st Round Pick
468,Jayson Tatum,tatumja01,SF,19,BOS,80,80,30.5,5,10.4,0.475,1.3,3,0.434,3.7,7.4,0.492,0.538,2.7,3.2,0.826,0.6,4.4,5,1.6,1,0.7,1.4,2.1,13.9,2018,5645400,1st Round Pick
469,Isaiah Taylor,taylois01,PG,23,ATL,67,9,17.4,2.4,5.8,0.418,0.3,1.2,0.25,2.1,4.6,0.461,0.444,1.5,2.1,0.702,0.3,1.1,1.4,3.1,0.5,0.1,1.3,1.7,6.6,2018,1312611,Minimum Salary
470,Jeff Teague,teaguje01,PG,29,MIN,70,70,33,5.1,11.3,0.446,1.2,3.3,0.368,3.9,8.1,0.477,0.499,2.9,3.4,0.845,0.3,2.6,3,7,1.5,0.3,2.5,2.4,14.2,2018,19000000,Cap space
473,Garrett Temple,templga01,SG,31,SAC,65,35,24.8,3.1,7.3,0.418,1.4,3.5,0.392,1.7,3.8,0.442,0.512,0.9,1.2,0.769,0.3,2,2.3,1.9,0.9,0.4,1.2,2.1,8.4,2018,8000000,Cap Space
474,Milos Teodosic,teodomi01,PG,30,LAC,45,36,25.2,3.4,8,0.419,2,5.2,0.379,1.4,2.8,0.492,0.542,0.9,1,0.848,0.4,2.4,2.8,4.6,0.5,0.1,2.2,2.3,9.5,2018,6000000,MLE
475,Jason Terry,terryja01,SG,40,MIL,51,4,16,1.2,3,0.383,0.8,2.3,0.348,0.4,0.8,0.487,0.513,0.2,0.2,0.889,0.1,0.8,0.9,1.2,0.8,0.3,0.5,1,3.3,2018,2328652,Minimum Salary
476,Daniel Theis,theisda01,C,25,BOS,63,3,14.9,2,3.7,0.541,0.3,0.9,0.31,1.7,2.8,0.617,0.579,1,1.3,0.753,1.4,2.9,4.3,0.9,0.5,0.8,0.9,2.5,5.3,2018,815615,Minimum Salary
477,Isaiah Thomas,thomais02,PG,28,CLE,15,14,27.1,4.7,12.9,0.361,1.5,5.8,0.253,3.2,7.1,0.449,0.418,3.9,4.5,0.868,0.5,1.6,2.1,4.5,0.6,0.1,2.7,1.7,14.7,2018,6261395,
477,Isaiah Thomas,thomais02,PG,28,LAL,17,1,26.8,5.1,13.4,0.383,1.9,5.9,0.327,3.2,7.4,0.429,0.456,3.4,3.7,0.921,0.6,1.5,2.1,5,0.4,0.1,3.2,1.9,15.6,2018,6261395,
478,Lance Thomas,thomala01,PF,29,NYK,73,31,18.5,1.4,3.7,0.382,0.7,1.7,0.403,0.7,2,0.364,0.476,0.6,0.7,0.83,0.6,1.8,2.4,0.6,0.4,0.2,0.5,1.8,4.1,2018,6655325,Cap Space
479,Klay Thompson,thompkl01,SG,27,GSW,73,73,34.3,7.9,16.2,0.488,3.1,7.1,0.44,4.7,9,0.526,0.585,1.1,1.3,0.837,0.4,3.4,3.8,2.5,0.8,0.5,1.8,1.6,20,2018,17826150,1st Round Pick
480,Tristan Thompson,thomptr01,C,26,CLE,53,22,20.2,2.5,4.4,0.562,0,0,,2.5,4.4,0.562,0.562,0.8,1.5,0.544,2.4,4.3,6.6,0.6,0.3,0.3,0.7,1.9,5.8,2018,16400000,Bird Rights
481,Sindarius Thornwell,thornsi01,SG,23,LAC,73,17,15.8,1.4,3.2,0.429,0.3,0.8,0.377,1.1,2.4,0.448,0.479,0.8,1.2,0.67,0.5,1.5,1.9,0.9,0.7,0.3,0.7,1.7,3.9,2018,815615,MLE
482,Anthony Tolliver,tollian01,PF,32,DET,79,14,22.2,2.8,6,0.464,2,4.6,0.436,0.8,1.4,0.561,0.632,1.3,1.7,0.797,0.6,2.4,3.1,1.1,0.4,0.3,0.7,1.8,8.9,2018,3290000,Bi-annual Exception
483,Karl-Anthony Towns,townska01,C,22,MIN,82,82,35.6,7.8,14.3,0.545,1.5,3.5,0.421,6.3,10.8,0.585,0.596,4.2,4.9,0.858,2.9,9.4,12.3,2.4,0.8,1.4,1.9,3.5,21.3,2018,6216840,1st round pick
484,P.J. Tucker,tuckepj01,PF,32,HOU,82,34,27.8,2.1,5.4,0.39,1.4,3.8,0.371,0.7,1.6,0.435,0.52,0.5,0.7,0.717,1.1,4.4,5.6,0.9,1,0.3,0.9,2.5,6.1,2018,7590035,MLE
485,Evan Turner,turneev01,SF,29,POR,79,40,25.7,3.3,7.3,0.447,0.5,1.7,0.318,2.7,5.6,0.485,0.484,1.2,1.4,0.85,0.4,2.7,3.1,2.2,0.6,0.4,1.3,2.1,8.2,2018,17131148,Cap Space
486,Myles Turner,turnemy01,C,21,IND,65,62,28.2,4.7,9.8,0.479,0.9,2.4,0.357,3.8,7.4,0.519,0.523,2.5,3.2,0.777,1.4,5,6.4,1.3,0.6,1.8,1.5,2.9,12.7,2018,2569920,1st round pick
487,Ekpe Udoh,udohek01,C,30,UTA,63,3,12.9,1,1.9,0.5,0,0,0,1,1.9,0.504,0.5,0.7,0.9,0.75,1.1,1.3,2.4,0.8,0.7,1.2,0.3,1.7,2.6,2018,3200000,Room Exception
488,Tyler Ulis,ulisty01,PG,22,PHO,71,43,23.4,3,7.8,0.388,0.6,2.1,0.288,2.4,5.7,0.425,0.426,1.2,1.4,0.832,0.3,1.5,1.8,4.4,1,0.1,1.8,1.7,7.8,2018,1312611,Cap Space
489,Jonas Valanciunas,valanjo01,C,25,TOR,77,77,22.4,5.1,8.9,0.568,0.4,1,0.405,4.7,8,0.587,0.59,2.2,2.7,0.806,2.4,6.2,8.6,1.1,0.4,0.9,1.5,2.5,12.7,2018,15460675,1st Round Pick
490,Denzel Valentine,valende01,SG,24,CHI,77,37,27.2,3.9,9.4,0.417,1.9,4.8,0.386,2.1,4.6,0.45,0.517,0.5,0.7,0.745,0.6,4.5,5.1,3.2,0.8,0.1,1.3,2.4,10.2,2018,2186400,1st Round pick
491,Fred VanVleet,vanvlfr01,PG,23,TOR,76,0,20,3.1,7.2,0.426,1.4,3.4,0.414,1.6,3.7,0.437,0.525,1.1,1.3,0.832,0.3,2.1,2.4,3.2,0.9,0.3,1,1.7,8.6,2018,1312611,Minimum Salary
492,Rashad Vaughn,vaughra01,SG,21,MIL,22,0,7.9,1,2.3,0.42,0.6,1.6,0.371,0.4,0.7,0.533,0.55,0.2,0.3,0.667,0.1,0.7,0.8,0.5,0.2,0.1,0.2,0.5,2.7,2018,1889040,
492,Rashad Vaughn,vaughra01,SG,21,MIL,22,0,7.9,1,2.3,0.42,0.6,1.6,0.371,0.4,0.7,0.533,0.55,0.2,0.3,0.667,0.1,0.7,0.8,0.5,0.2,0.1,0.2,0.5,2.7,2018,166258,
493,Noah Vonleh,vonleno01,PF,22,POR,33,12,14.4,1.4,2.9,0.49,0.1,0.2,0.333,1.4,2.7,0.5,0.5,0.7,0.9,0.742,1.1,4,5.1,0.4,0.2,0.3,0.5,1.3,3.6,2018,3505233,1st Round Pick
493,Noah Vonleh,vonleno01,PF,22,CHI,21,4,19,2.7,6.6,0.413,0.9,2.9,0.3,1.9,3.7,0.5,0.478,0.6,1.3,0.481,1.7,5.2,6.9,1,0.6,0.3,0.8,1.2,6.9,2018,3505233,1st Round Pick
494,Nikola Vucevic,vucevni01,C,27,ORL,57,57,29.5,7,14.7,0.475,1.1,3.6,0.314,5.9,11.2,0.527,0.513,1.4,1.6,0.819,1.8,7.4,9.2,3.4,1,1.1,1.9,2.5,16.5,2018,12250000,Bird Rights
495,Dwyane Wade,wadedw01,SG,36,CLE,46,3,23.2,4.3,9.5,0.455,0.5,1.5,0.329,3.8,7.9,0.479,0.482,2,2.9,0.701,0.8,3.1,3.9,3.5,0.9,0.7,2,1.8,11.2,2018,15550000,
495,Dwyane Wade,wadedw01,SG,36,CLE,46,3,23.2,4.3,9.5,0.455,0.5,1.5,0.329,3.8,7.9,0.479,0.482,2,2.9,0.701,0.8,3.1,3.9,3.5,0.9,0.7,2,1.8,11.2,2018,2328652,Minimum Salary
495,Dwyane Wade,wadedw01,SG,36,MIA,21,0,22.2,4.8,11.8,0.409,0.4,2,0.22,4.4,9.8,0.447,0.427,2,2.6,0.745,0.5,2.9,3.4,3.1,0.9,0.7,2.3,1.9,12,2018,2328652,Minimum Salary
496,Dion Waiters,waitedi01,SG,26,MIA,30,30,30.6,5.4,13.7,0.398,1.7,5.7,0.306,3.7,8,0.463,0.461,1.7,2.3,0.739,0.3,2.3,2.6,3.8,0.8,0.3,2.3,2,14.3,2018,11000000,Cap space
497,Kemba Walker,walkeke02,PG,27,CHO,80,80,34.2,7.4,17,0.431,2.9,7.5,0.384,4.5,9.5,0.469,0.516,4.5,5.3,0.864,0.4,2.7,3.1,5.6,1.1,0.3,2.2,1.2,22.1,2018,12000000,1st Round Pick
498,John Wall,walljo01,PG,27,WAS,41,41,34.4,6.8,16.3,0.42,1.5,4.1,0.371,5.3,12.2,0.436,0.466,4.3,5.9,0.726,0.5,3.1,3.7,9.6,1.4,1.1,3.9,2,19.4,2018,18063850,Bird Rights
500,Taurean Prince,princta02,SF,23,ATL,82,82,30,5.1,11.9,0.426,2.1,5.6,0.385,2.9,6.3,0.461,0.516,1.9,2.2,0.844,0.6,4.1,4.7,2.6,1,0.5,2.3,2,14.1,2018,2422560,1st Round pick
503,T.J. Warren,warretj01,SF,24,PHO,65,65,33,8.1,16.4,0.498,0.3,1.4,0.222,7.8,15,0.523,0.507,3,3.9,0.757,1.9,3.2,5.1,1.3,1,0.6,1.3,2.3,19.6,2018,3152931,1st Round Pick
504,Travis Wear,weartr01,SF,27,LAL,17,0,13.4,1.5,4.2,0.347,1,2.8,0.362,0.5,1.5,0.32,0.465,0.5,0.5,1,0,2.2,2.2,0.4,0.2,0.3,0.4,1.8,4.4,2018,148318,
506,Briante Weber,weberbr01,PG,25,HOU,13,0,9.1,0.7,1.7,0.409,0.3,0.7,0.444,0.4,1,0.385,0.5,0.3,0.3,1,0.2,1.2,1.4,1,0.8,0.2,0.5,1.4,2,2018,50000,
506,Briante Weber,weberbr01,PG,25,MEM,5,0,23.8,2,4.2,0.476,0,0.4,0,2,3.8,0.526,0.476,0.8,1.2,0.667,1,2.4,3.4,1.8,1.6,0.4,1.6,2,4.8,2018,83129,
507,David West,westda01,C,37,GSW,73,0,13.7,3,5.2,0.571,0,0.1,0.375,2.9,5.1,0.576,0.575,0.8,1.1,0.759,0.9,2.4,3.3,1.9,0.6,1,1.1,1.6,6.8,2018,2328652,Minimum Salary
508,Russell Westbrook,westbru01,PG,29,OKC,80,80,36.4,9.5,21.1,0.449,1.2,4.1,0.298,8.3,17,0.485,0.477,5.2,7.1,0.737,1.9,8.2,10.1,10.3,1.8,0.3,4.8,2.5,25.4,2018,28530608,Bird Rights
510,Derrick White,whitede01,PG,23,SAS,17,0,8.2,0.9,1.9,0.485,0.5,0.8,0.615,0.5,1.2,0.4,0.606,0.8,1.2,0.7,0.3,1.2,1.5,0.5,0.2,0.2,0.4,0.5,3.2,2018,1404600,1st Round Pick
511,Okaro White,whiteok01,PF,25,MIA,6,4,13.3,1.2,2.7,0.438,0.7,1.8,0.364,0.5,0.8,0.6,0.563,0.3,0.5,0.667,0.5,1.3,1.8,0.3,0.2,0.2,0.2,1,3.3,2018,1312611,
511,Okaro White,whiteok01,PF,25,MIA,6,4,13.3,1.2,2.7,0.438,0.7,1.8,0.364,0.5,0.8,0.6,0.563,0.3,0.5,0.667,0.5,1.3,1.8,0.3,0.2,0.2,0.2,1,3.3,2018,74159,
512,Isaiah Whitehead,whiteis01,PG,22,BRK,16,0,11.3,2.5,5.4,0.465,0.4,1.1,0.389,2.1,4.3,0.485,0.506,0.8,1.2,0.684,0.3,1.4,1.6,1.3,0.5,0.1,1.5,1.4,6.3,2018,1312611,Cap Space
513,Hassan Whiteside,whiteha01,C,28,MIA,54,54,25.3,5.8,10.7,0.54,0,0,1,5.7,10.7,0.538,0.542,2.4,3.4,0.703,3.2,8.2,11.4,1,0.7,1.7,1.7,2.4,14,2018,23775506,Cap Space
514,Andrew Wiggins,wiggian01,SF,22,MIN,82,82,36.3,6.9,15.9,0.438,1.4,4.1,0.331,5.6,11.7,0.475,0.481,2.5,3.8,0.643,1,3.4,4.4,2,1.1,0.6,1.7,2,17.7,2018,7574322,1st Round Pick
516,Damien Wilkins,wilkida02,SF,38,IND,19,1,8,0.7,2.1,0.333,0.2,0.9,0.222,0.5,1.1,0.429,0.385,0.2,0.2,0.75,0.3,0.6,0.8,0.5,0.1,0.1,0.3,0.4,1.7,2018,2116955,
517,Alan Williams,willial03,PF,25,PHO,5,0,14,1.4,3.6,0.389,0,0,,1.4,3.6,0.389,0.389,1.2,1.8,0.667,0.6,3.8,4.4,1.6,1,0.2,1.4,2.6,4,2018,6000000,Cap space
520,Lou Williams,willilo02,SG,31,LAC,79,19,32.8,7.4,16.9,0.435,2.4,6.6,0.359,5,10.4,0.484,0.505,5.5,6.2,0.88,0.5,2,2.5,5.3,1.1,0.2,3,1.3,22.6,2018,7000000,Cap Space
521,Marvin Williams,willima02,PF,31,CHO,78,78,25.7,3.3,7.2,0.458,1.6,3.9,0.413,1.7,3.3,0.512,0.57,1.3,1.6,0.829,0.9,3.8,4.7,1.2,0.7,0.5,0.8,1.5,9.5,2018,13168750,Cap Space
523,Troy Williams,willitr02,SF,23,NYK,17,1,17.1,2.9,5.9,0.49,0.6,1.9,0.333,2.2,3.9,0.567,0.545,1.1,1.6,0.704,1.2,2.2,3.5,0.9,1.1,0.2,1.1,1.9,7.5,2018,148318,
525,Jamil Wilson,wilsoja02,SF,27,LAC,15,10,18.3,2.5,5.4,0.469,1.8,4.2,0.429,0.7,1.2,0.611,0.636,0.1,0.3,0.5,0.2,1.9,2.1,0.7,0.3,0.5,0.5,2.3,7,2018,50000,
526,Justise Winslow,winslju01,PF,21,MIA,68,25,24.7,3,7.2,0.424,0.7,1.9,0.38,2.3,5.3,0.44,0.474,1,1.5,0.635,0.9,4.5,5.4,2.2,0.8,0.5,1.1,2.1,7.8,2018,2705040,1st round pick
527,Jeff Withey,witheje01,C,27,DAL,9,0,4.3,0.7,1.8,0.375,0.2,1.1,0.2,0.4,0.7,0.667,0.438,0.1,0.2,0.5,0.1,1,1.1,0,0,0.3,0.2,0.3,1.7,2018,1577320,
529,Brandan Wright,wrighbr03,PF,30,MEM,27,1,13.6,2.1,3.7,0.576,0,0,,2.1,3.7,0.576,0.576,0.8,1.2,0.636,1.2,2.3,3.4,0.5,0.5,0.9,0.3,1.1,5,2018,5179760,
530,Delon Wright,wrighde01,PG,25,TOR,69,4,20.8,2.9,6.3,0.465,0.8,2.2,0.366,2.1,4,0.52,0.53,1.4,1.7,0.829,0.7,2.2,2.9,2.9,1,0.5,1.1,1.2,8,2018,1645200,1st Round pick
531,Guerschon Yabusele,yabusgu01,PF,22,BOS,33,4,7.1,0.8,1.8,0.426,0.4,1.1,0.324,0.4,0.7,0.583,0.525,0.5,0.7,0.682,0.5,1.1,1.6,0.5,0.1,0.2,0.4,0.7,2.4,2018,2247480,1st Round Pick
533,Joe Young,youngjo01,PG,25,IND,53,1,10.5,1.5,3.5,0.43,0.5,1.2,0.379,1,2.3,0.458,0.497,0.4,0.5,0.759,0.2,1,1.2,0.7,0.3,0,0.5,0.7,3.9,2018,1471382,Cap Space
534,Nick Young,youngni01,SG,32,GSW,80,8,17.4,2.5,6.1,0.412,1.5,4.1,0.377,1,2,0.481,0.538,0.7,0.8,0.862,0.3,1.3,1.6,0.5,0.5,0.1,0.5,1.3,7.3,2018,5192000,MLE
535,Thaddeus Young,youngth01,PF,29,IND,81,81,32.2,5.2,10.7,0.487,0.7,2.2,0.32,4.5,8.4,0.531,0.521,0.7,1.1,0.598,2.3,4,6.3,1.9,1.7,0.4,1.3,2.2,11.8,2018,14796348,Bird Rights
536,Cody Zeller,zelleco01,C,25,CHO,33,0,19,2.6,4.7,0.545,0.1,0.1,0.667,2.5,4.6,0.542,0.551,1.8,2.6,0.718,2,3.3,5.4,0.9,0.4,0.6,1,2.5,7.1,2018,12584270,1st Round Pick
537,Tyler Zeller,zellety01,C,28,BRK,42,33,16.7,3,5.5,0.546,0.2,0.6,0.385,2.7,4.8,0.567,0.568,1,1.4,0.667,1.5,3.1,4.6,0.7,0.2,0.5,0.8,1.9,7.1,2018,1709538,
537,Tyler Zeller,zellety01,C,28,MIL,24,1,16.9,2.6,4.4,0.59,0,0.1,0,2.6,4.3,0.602,0.59,0.7,0.8,0.895,2,2.7,4.6,0.8,0.3,0.6,0.5,2,5.9,2018,1709538,
538,Paul Zipser,zipsepa01,SF,23,CHI,54,12,15.3,1.5,4.3,0.346,0.7,2,0.336,0.8,2.3,0.355,0.425,0.4,0.5,0.76,0.2,2.2,2.4,0.9,0.4,0.3,0.8,1.6,4,2018,1312611,Cap Space
539,Ante Zizic,zizican01,C,21,CLE,32,2,6.7,1.5,2.1,0.731,0,0,,1.5,2.1,0.731,0.731,0.7,0.9,0.724,0.8,1.1,1.9,0.2,0.1,0.4,0.3,0.9,3.7,2018,1645200,1st Round Pick
540,Ivica Zubac,zubaciv01,C,20,LAL,43,0,9.5,1.4,2.8,0.5,0,0,0,1.4,2.8,0.504,0.5,0.9,1.2,0.765,1,1.8,2.9,0.6,0.2,0.3,0.6,1.1,3.7,2018,1312611,Cap Space
